account_id,customer_id,branch_id,account_type,balance
5001,1631,214,Savings,29000
5002,1176,208,Current,131000
5003,1934,213,Savings,7000
5004,1554,211,Savings,473000
5005,1498,218,Current,177000
5006,1773,211,Current,30000
5007,1167,209,Current,388000
5008,1749,215,Current,213000
5009,1239,212,Savings,477000
5010,1519,215,Current,232000
5011,1204,218,Current,499000
5012,1002,203,Savings,193000
5013,1938,202,Savings,12000
5014,1726,209,Savings,351000
5015,1768,208,Savings,274000
5016,1920,213,Current,124000
5017,1526,215,Savings,213000
5018,1760,212,Current,409000
5019,1078,218,Savings,381000
5020,1848,218,Savings,128000
5021,1136,203,Savings,194000
5022,1794,206,Current,163000
5023,1901,215,Savings,447000
5024,1337,217,Current,282000
5025,1241,216,Savings,137000
5026,1468,211,Current,469000
5027,1761,214,Current,92000
5028,1898,208,Savings,102000
5029,1351,214,Savings,499000
5030,1149,211,Current,133000
5031,1148,213,Savings,440000
5032,1736,214,Current,301000
5033,1069,210,Savings,194000
5034,1709,207,Current,430000
5035,1125,204,Current,272000
5036,1150,208,Current,336000
5037,1910,210,Savings,382000
5038,1134,212,Savings,487000
5039,1947,201,Current,145000
5040,1413,220,Current,318000
5041,1920,218,Current,442000
5042,1338,220,Current,460000
5043,1950,204,Current,428000
5044,1199,212,Savings,290000
5045,1898,209,Savings,392000
5046,1409,217,Current,209000
5047,1896,205,Savings,135000
5048,1231,210,Current,284000
5049,1453,201,Current,331000
5050,1176,215,Savings,213000
5051,1514,208,Current,448000
5052,1212,212,Current,136000
5053,1226,205,Savings,220000
5054,1722,202,Savings,210000
5055,1014,210,Current,209000
5056,1059,216,Savings,226000
5057,1364,220,Savings,343000
5058,1201,214,Savings,16000
5059,1235,208,Current,11000
5060,1183,201,Savings,395000
5061,1627,211,Savings,375000
5062,1777,213,Current,305000
5063,1297,217,Current,267000
5064,1247,207,Savings,348000
5065,1370,214,Current,74000
5066,1123,217,Current,52000
5067,1819,206,Savings,378000
5068,1338,220,Savings,397000
5069,1938,207,Current,430000
5070,1927,213,Savings,350000
5071,1790,220,Savings,375000
5072,1059,211,Savings,328000
5073,1432,204,Current,286000
5074,1897,205,Current,115000
5075,1636,216,Current,356000
5076,1544,213,Savings,489000
5077,1442,219,Current,195000
5078,1257,202,Current,428000
5079,1812,210,Savings,227000
5080,1388,205,Savings,363000
5081,1914,215,Current,327000
5082,1087,208,Current,390000
5083,1134,204,Savings,187000
5084,1820,207,Savings,191000
5085,1369,220,Savings,155000
5086,1868,220,Savings,380000
5087,1723,205,Savings,264000
5088,1651,203,Savings,250000
5089,1040,206,Current,163000
5090,1731,216,Savings,401000
5091,1885,203,Current,167000
5092,1575,205,Current,403000
5093,1044,203,Current,121000
5094,1786,217,Current,386000
5095,1998,215,Current,155000
5096,1235,208,Savings,270000
5097,1847,206,Savings,462000
5098,1717,207,Savings,183000
5099,1824,216,Savings,471000
5100,1818,202,Current,140000
5101,1065,219,Current,322000
5102,1852,205,Current,288000
5103,1060,205,Savings,381000
5104,1323,201,Savings,489000
5105,1673,220,Current,63000
5106,1416,207,Savings,164000
5107,1184,210,Savings,238000
5108,1565,201,Savings,164000
5109,1880,216,Current,289000
5110,1704,220,Current,21000
5111,1559,213,Current,447000
5112,1849,208,Current,409000
5113,1210,203,Savings,294000
5114,1744,218,Current,462000
5115,1469,206,Savings,378000
5116,1121,220,Current,277000
5117,1292,217,Current,262000
5118,1844,220,Savings,13000
5119,1217,217,Savings,341000
5120,1554,204,Savings,436000
5121,1188,209,Current,382000
5122,1828,213,Savings,290000
5123,1395,208,Current,236000
5124,1650,206,Current,213000
5125,1981,205,Current,386000
5126,1594,201,Current,203000
5127,1025,207,Current,465000
5128,1629,205,Savings,224000
5129,1830,218,Savings,122000
5130,1705,210,Savings,207000
5131,1004,220,Savings,439000
5132,1949,206,Current,288000
5133,1276,205,Current,467000
5134,1247,205,Current,381000
5135,1322,208,Current,180000
5136,1107,204,Current,481000
5137,1742,208,Savings,22000
5138,1798,209,Current,90000
5139,1507,205,Savings,245000
5140,1969,213,Current,198000
5141,1798,205,Savings,19000
5142,1886,202,Current,476000
5143,1925,210,Savings,216000
5144,1032,210,Savings,330000
5145,1939,214,Savings,265000
5146,1699,202,Savings,405000
5147,1111,206,Savings,418000
5148,1044,216,Current,231000
5149,1409,217,Savings,287000
5150,1922,211,Savings,412000
5151,1272,218,Savings,261000
5152,1797,213,Current,360000
5153,1077,220,Current,166000
5154,1689,219,Current,124000
5155,1348,219,Savings,114000
5156,1726,202,Current,184000
5157,1395,209,Current,74000
5158,1270,206,Current,365000
5159,1864,212,Current,211000
5160,1832,205,Current,195000
5161,1642,215,Current,42000
5162,1441,204,Current,248000
5163,1647,201,Current,227000
5164,1930,206,Current,156000
5165,1933,207,Savings,462000
5166,1001,202,Savings,309000
5167,1750,215,Savings,442000
5168,1946,201,Savings,76000
5169,1298,204,Current,197000
5170,1100,212,Savings,429000
5171,1262,208,Savings,95000
5172,1076,216,Current,88000
5173,1255,211,Current,30000
5174,1161,203,Savings,147000
5175,1102,206,Savings,18000
5176,1026,217,Current,283000
5177,1618,204,Current,5000
5178,1494,202,Savings,15000
5179,1515,202,Savings,485000
5180,1793,212,Savings,303000
5181,1831,213,Current,329000
5182,1753,211,Current,344000
5183,1975,213,Savings,463000
5184,1198,201,Current,103000
5185,1292,208,Savings,350000
5186,1741,215,Current,128000
5187,1113,207,Savings,276000
5188,1307,203,Savings,469000
5189,1172,220,Savings,420000
5190,1539,219,Current,198000
5191,1110,216,Savings,45000
5192,1022,206,Current,53000
5193,1594,216,Current,388000
5194,1593,203,Current,445000
5195,1716,215,Current,389000
5196,1777,215,Current,431000
5197,1773,210,Current,269000
5198,1013,206,Savings,306000
5199,1158,212,Current,306000
5200,1955,204,Current,363000
5201,1718,204,Savings,484000
5202,1039,205,Savings,182000
5203,1174,214,Savings,31000
5204,1684,203,Savings,107000
5205,1073,216,Current,456000
5206,1809,216,Savings,364000
5207,1836,213,Current,359000
5208,1754,207,Savings,399000
5209,1983,208,Current,129000
5210,1787,202,Savings,387000
5211,1704,214,Current,321000
5212,1227,219,Current,6000
5213,1492,207,Savings,51000
5214,1474,214,Savings,474000
5215,1752,207,Current,139000
5216,1382,214,Savings,305000
5217,1418,217,Current,297000
5218,1596,206,Savings,141000
5219,1382,207,Current,119000
5220,1122,207,Current,14000
5221,1713,202,Current,419000
5222,1204,206,Savings,161000
5223,1148,218,Savings,249000
5224,1662,214,Savings,360000
5225,1495,201,Current,289000
5226,1620,205,Current,354000
5227,1250,206,Savings,494000
5228,1899,215,Savings,364000
5229,1252,215,Savings,99000
5230,1066,207,Current,75000
5231,1876,204,Savings,86000
5232,1015,203,Savings,12000
5233,1974,207,Current,481000
5234,1313,205,Current,109000
5235,1718,201,Savings,285000
5236,1759,218,Savings,433000
5237,1100,205,Savings,220000
5238,1248,219,Savings,297000
5239,1713,209,Savings,73000
5240,1017,208,Savings,393000
5241,1578,206,Savings,153000
5242,1440,213,Current,93000
5243,1552,214,Savings,322000
5244,1621,205,Savings,84000
5245,1134,207,Current,149000
5246,1683,213,Current,322000
5247,1439,210,Savings,194000
5248,1579,204,Current,440000
5249,1163,210,Current,439000
5250,1140,208,Current,337000
5251,1846,217,Current,56000
5252,1840,216,Savings,83000
5253,1527,212,Savings,353000
5254,1808,218,Current,42000
5255,1047,217,Current,43000
5256,1832,211,Savings,444000
5257,1608,205,Savings,341000
5258,1608,207,Current,428000
5259,1757,211,Current,443000
5260,1640,215,Current,168000
5261,1876,211,Savings,212000
5262,1116,211,Savings,230000
5263,1667,214,Savings,257000
5264,1537,220,Current,241000
5265,1360,214,Savings,19000
5266,1469,202,Current,459000
5267,1643,208,Savings,452000
5268,1741,219,Savings,295000
5269,1775,209,Current,101000
5270,1272,208,Savings,31000
5271,1391,208,Savings,423000
5272,1032,204,Savings,352000
5273,1918,216,Current,153000
5274,1531,217,Savings,261000
5275,1558,215,Savings,343000
5276,1216,213,Savings,227000
5277,1585,207,Savings,406000
5278,1840,212,Current,487000
5279,1856,219,Savings,146000
5280,1848,204,Savings,39000
5281,1150,205,Current,448000
5282,1277,208,Savings,324000
5283,1943,210,Current,306000
5284,1163,203,Current,8000
5285,1248,211,Savings,194000
5286,1660,215,Current,315000
5287,1146,203,Current,190000
5288,1655,220,Current,346000
5289,1408,208,Savings,64000
5290,1606,218,Current,397000
5291,1067,213,Savings,173000
5292,1180,208,Current,93000
5293,1044,212,Current,189000
5294,1021,207,Current,91000
5295,1188,216,Current,310000
5296,1649,204,Savings,46000
5297,1653,207,Savings,279000
5298,1705,215,Current,214000
5299,1508,204,Current,447000
5300,1728,210,Current,451000
5301,1875,202,Current,460000
5302,1959,217,Savings,142000
5303,1583,220,Savings,217000
5304,1443,204,Current,208000
5305,1057,217,Savings,347000
5306,1581,207,Current,76000
5307,1804,220,Savings,382000
5308,1334,204,Savings,244000
5309,1265,212,Current,109000
5310,1451,208,Current,6000
5311,1111,217,Current,123000
5312,1635,215,Savings,49000
5313,1836,204,Savings,468000
5314,1287,220,Current,438000
5315,1977,210,Savings,140000
5316,1428,214,Current,10000
5317,1222,203,Savings,314000
5318,1393,217,Current,209000
5319,1081,214,Current,488000
5320,1911,218,Savings,389000
5321,1448,217,Savings,242000
5322,1705,206,Savings,224000
5323,1114,213,Current,197000
5324,1960,202,Savings,127000
5325,1288,217,Current,171000
5326,1033,201,Savings,244000
5327,1889,202,Current,461000
5328,1920,204,Savings,157000
5329,1252,204,Savings,483000
5330,1436,201,Current,135000
5331,1714,210,Savings,471000
5332,1862,217,Current,458000
5333,1965,203,Current,487000
5334,1694,215,Savings,29000
5335,1486,211,Savings,455000
5336,1330,219,Current,41000
5337,1224,206,Savings,150000
5338,1411,214,Current,448000
5339,1133,206,Current,191000
5340,1609,204,Current,52000
5341,1986,207,Savings,426000
5342,1426,205,Current,65000
5343,1160,218,Savings,72000
5344,1545,216,Savings,148000
5345,1055,208,Current,222000
5346,1530,212,Current,482000
5347,1660,212,Savings,394000
5348,1386,215,Savings,161000
5349,1564,217,Savings,364000
5350,1717,201,Current,259000
5351,1118,205,Current,228000
5352,1648,212,Savings,421000
5353,1003,216,Current,475000
5354,1312,210,Savings,276000
5355,1712,219,Current,117000
5356,1308,208,Savings,384000
5357,1134,202,Current,207000
5358,1951,207,Current,461000
5359,1577,204,Savings,77000
5360,1222,202,Current,31000
5361,1015,215,Current,251000
5362,1151,203,Current,483000
5363,1841,214,Current,263000
5364,1251,214,Current,387000
5365,1441,220,Current,363000
5366,1802,220,Current,180000
5367,1957,209,Current,326000
5368,1020,202,Current,363000
5369,1218,202,Savings,397000
5370,1655,212,Savings,70000
5371,1614,206,Current,20000
5372,1183,206,Current,234000
5373,1913,211,Savings,208000
5374,1435,208,Savings,86000
5375,1733,216,Savings,419000
5376,1919,211,Current,306000
5377,1358,205,Savings,88000
5378,1238,214,Savings,350000
5379,1301,217,Current,46000
5380,1004,212,Current,210000
5381,1659,209,Savings,403000
5382,1347,207,Current,327000
5383,1786,217,Savings,154000
5384,1582,213,Current,156000
5385,1729,219,Current,392000
5386,1098,218,Current,264000
5387,1172,210,Current,495000
5388,1880,210,Savings,447000
5389,1792,220,Savings,365000
5390,1936,219,Current,390000
5391,1119,209,Savings,491000
5392,1960,218,Savings,418000
5393,1331,208,Current,213000
5394,1519,201,Current,497000
5395,1757,213,Savings,129000
5396,1366,206,Current,393000
5397,1552,207,Savings,5000
5398,1170,208,Savings,218000
5399,1819,212,Current,467000
5400,1210,212,Savings,26000
5401,1678,209,Savings,49000
5402,1882,207,Current,169000
5403,1113,207,Savings,389000
5404,1415,214,Current,27000
5405,1548,205,Current,171000
5406,1103,206,Savings,460000
5407,1484,204,Savings,390000
5408,1970,213,Current,148000
5409,1135,201,Savings,107000
5410,1119,207,Savings,21000
5411,1309,201,Current,457000
5412,1965,213,Current,439000
5413,1130,218,Current,215000
5414,1605,214,Current,177000
5415,1451,208,Savings,289000
5416,1119,210,Savings,377000
5417,1400,219,Current,339000
5418,1930,220,Savings,257000
5419,1652,202,Savings,299000
5420,1090,214,Savings,75000
5421,1240,218,Savings,9000
5422,1503,207,Current,286000
5423,1822,205,Savings,318000
5424,1414,210,Savings,38000
5425,1713,213,Current,397000
5426,1299,203,Current,27000
5427,1601,215,Savings,396000
5428,1429,201,Savings,79000
5429,1024,205,Savings,173000
5430,1025,211,Savings,172000
5431,1240,220,Savings,309000
5432,1859,217,Current,373000
5433,1005,218,Current,19000
5434,1737,208,Current,74000
5435,1593,208,Current,408000
5436,1127,208,Savings,435000
5437,1408,220,Savings,167000
5438,1784,204,Savings,339000
5439,1257,202,Savings,439000
5440,1690,220,Savings,368000
5441,1573,204,Savings,333000
5442,1410,213,Savings,309000
5443,1544,217,Current,357000
5444,1353,216,Current,293000
5445,1606,211,Savings,297000
5446,1066,213,Current,387000
5447,1296,218,Current,378000
5448,1849,208,Savings,357000
5449,1410,208,Savings,257000
5450,1904,206,Current,239000
5451,1442,210,Savings,48000
5452,1408,217,Current,315000
5453,1937,210,Current,184000
5454,1686,219,Savings,30000
5455,1287,205,Savings,268000
5456,1403,206,Savings,155000
5457,1810,209,Current,392000
5458,1478,211,Current,429000
5459,1450,210,Savings,230000
5460,1617,215,Savings,184000
5461,1924,219,Current,117000
5462,1482,216,Savings,200000
5463,1815,209,Savings,186000
5464,1375,206,Savings,120000
5465,1816,220,Savings,202000
5466,1716,209,Savings,421000
5467,1758,220,Savings,327000
5468,1797,210,Current,183000
5469,1389,210,Current,272000
5470,1630,203,Current,101000
5471,1860,206,Current,118000
5472,1276,217,Savings,120000
5473,1049,212,Current,270000
5474,1474,205,Savings,5000
5475,1696,220,Savings,350000
5476,1290,212,Current,183000
5477,1284,206,Savings,425000
5478,1302,220,Savings,123000
5479,1638,208,Savings,279000
5480,1567,211,Savings,53000
5481,1036,212,Savings,57000
5482,1906,211,Savings,191000
5483,1058,202,Savings,471000
5484,1053,216,Savings,14000
5485,1856,204,Savings,489000
5486,1391,208,Current,413000
5487,1319,220,Current,231000
5488,1348,216,Savings,472000
5489,1759,210,Current,277000
5490,1566,210,Savings,283000
5491,1552,211,Savings,25000
5492,1203,219,Savings,398000
5493,1935,204,Savings,266000
5494,1679,206,Current,423000
5495,1344,212,Current,16000
5496,1934,208,Current,255000
5497,1169,220,Current,327000
5498,1819,209,Current,391000
5499,1655,210,Savings,459000
5500,1664,217,Savings,68000
5501,1242,213,Current,443000
5502,1444,212,Savings,283000
5503,1753,205,Savings,99000
5504,1907,211,Savings,126000
5505,1977,203,Current,210000
5506,1442,209,Current,331000
5507,1399,205,Savings,135000
5508,1538,201,Current,85000
5509,1361,218,Savings,311000
5510,1244,215,Savings,292000
5511,1191,213,Current,382000
5512,1161,209,Current,276000
5513,1415,210,Savings,374000
5514,1591,212,Current,464000
5515,1135,208,Current,176000
5516,1767,201,Current,248000
5517,1749,203,Savings,245000
5518,1297,210,Current,215000
5519,1935,206,Current,71000
5520,1361,208,Savings,13000
5521,1669,204,Savings,285000
5522,1865,204,Current,241000
5523,1803,208,Savings,304000
5524,1406,207,Savings,438000
5525,1952,208,Current,196000
5526,1471,207,Current,40000
5527,1609,205,Current,209000
5528,1291,210,Savings,23000
5529,1365,209,Current,193000
5530,1330,204,Current,74000
5531,1412,218,Savings,114000
5532,1719,214,Savings,337000
5533,1157,218,Current,270000
5534,1384,204,Current,10000
5535,1368,216,Savings,358000
5536,1167,209,Current,191000
5537,1212,204,Savings,233000
5538,1149,213,Current,234000
5539,1754,206,Savings,431000
5540,1912,205,Current,271000
5541,1420,204,Savings,32000
5542,1848,204,Savings,73000
5543,1047,214,Savings,458000
5544,1212,201,Current,46000
5545,1328,205,Savings,35000
5546,1541,214,Current,315000
5547,1106,208,Savings,224000
5548,1322,205,Current,75000
5549,1939,211,Current,336000
5550,1733,205,Savings,348000
5551,1937,211,Current,212000
5552,1783,209,Savings,81000
5553,1085,210,Savings,249000
5554,1556,205,Savings,407000
5555,1603,201,Savings,162000
5556,1813,220,Current,29000
5557,1695,205,Current,349000
5558,1350,209,Savings,81000
5559,1420,203,Savings,442000
5560,1208,217,Current,438000
5561,1225,213,Current,47000
5562,1779,213,Current,45000
5563,1758,204,Current,279000
5564,1144,220,Current,483000
5565,1436,203,Current,476000
5566,1370,213,Savings,384000
5567,1818,211,Current,205000
5568,1728,202,Savings,17000
5569,1937,209,Current,62000
5570,1400,204,Savings,302000
5571,1831,216,Current,152000
5572,1375,210,Current,141000
5573,1848,218,Current,450000
5574,1519,215,Savings,392000
5575,1839,205,Current,454000
5576,1806,208,Savings,234000
5577,1724,211,Current,194000
5578,1301,204,Savings,250000
5579,1835,208,Savings,455000
5580,1657,218,Current,12000
5581,1845,213,Current,382000
5582,1657,219,Savings,61000
5583,1803,208,Current,422000
5584,1732,215,Current,325000
5585,1770,205,Current,242000
5586,1839,203,Savings,468000
5587,1198,213,Current,207000
5588,1263,218,Savings,68000
5589,1563,214,Current,304000
5590,1140,211,Current,418000
5591,1248,216,Savings,13000
5592,1806,213,Savings,209000
5593,1742,205,Savings,302000
5594,1987,205,Current,92000
5595,1415,203,Current,8000
5596,1857,203,Current,213000
5597,1135,209,Current,253000
5598,1086,204,Savings,178000
5599,1508,206,Current,346000
5600,1717,211,Savings,481000
5601,1465,207,Savings,488000
5602,1750,201,Savings,73000
5603,1071,208,Savings,180000
5604,1765,201,Current,327000
5605,1516,217,Current,379000
5606,1698,220,Current,235000
5607,1290,217,Savings,223000
5608,1390,216,Savings,468000
5609,1053,219,Savings,386000
5610,1646,209,Savings,7000
5611,1927,218,Current,322000
5612,1826,214,Current,377000
5613,1637,211,Savings,127000
5614,1432,205,Current,151000
5615,1693,212,Current,338000
5616,1413,214,Current,263000
5617,1994,218,Current,236000
5618,1404,201,Savings,475000
5619,1500,217,Savings,286000
5620,1181,216,Current,169000
5621,1800,217,Savings,48000
5622,1433,205,Current,146000
5623,1956,220,Savings,270000
5624,1762,208,Savings,416000
5625,1613,217,Savings,369000
5626,1290,217,Current,179000
5627,1262,218,Current,491000
5628,1107,203,Savings,270000
5629,1225,211,Savings,364000
5630,1908,202,Savings,171000
5631,1592,206,Current,465000
5632,1852,220,Current,31000
5633,1149,207,Current,161000
5634,1829,219,Savings,180000
5635,1360,208,Savings,203000
5636,1908,213,Savings,75000
5637,1484,202,Current,317000
5638,1173,203,Current,5000
5639,1908,218,Current,143000
5640,1862,213,Current,408000
5641,1094,206,Current,140000
5642,1275,212,Current,93000
5643,1066,208,Current,111000
5644,1680,210,Savings,423000
5645,1301,202,Savings,221000
5646,1034,219,Savings,295000
5647,1581,201,Savings,467000
5648,1691,218,Current,272000
5649,1454,205,Savings,338000
5650,1243,215,Current,409000
5651,1809,215,Current,331000
5652,1688,219,Savings,265000
5653,1382,216,Current,191000
5654,1414,204,Current,83000
5655,1289,218,Savings,264000
5656,1673,204,Current,297000
5657,1353,211,Current,60000
5658,1160,203,Savings,348000
5659,1179,204,Savings,448000
5660,1435,205,Savings,476000
5661,1286,204,Current,410000
5662,1993,205,Current,218000
5663,1935,209,Savings,174000
5664,1025,204,Current,225000
5665,1293,208,Savings,298000
5666,1524,203,Current,377000
5667,1422,201,Current,405000
5668,1692,216,Current,170000
5669,1474,203,Savings,110000
5670,1261,204,Current,214000
5671,1922,210,Savings,17000
5672,1400,213,Savings,343000
5673,1810,205,Savings,392000
5674,1985,208,Savings,79000
5675,1135,220,Current,14000
5676,1036,219,Current,127000
5677,1250,208,Savings,494000
5678,1914,212,Savings,351000
5679,1811,217,Savings,106000
5680,1881,214,Savings,21000
5681,1967,211,Current,427000
5682,1853,215,Current,462000
5683,1095,206,Current,226000
5684,1612,202,Current,305000
5685,1694,212,Savings,93000
5686,1536,202,Savings,282000
5687,1778,203,Current,189000
5688,1459,213,Current,287000
5689,1503,205,Current,272000
5690,1704,206,Savings,179000
5691,1790,216,Current,299000
5692,1765,209,Savings,37000
5693,1258,210,Current,327000
5694,1999,208,Current,25000
5695,1364,216,Savings,414000
5696,1432,209,Current,8000
5697,1245,219,Savings,33000
5698,1362,205,Current,135000
5699,1625,218,Savings,416000
5700,1183,220,Savings,373000
5701,1978,220,Savings,41000
5702,1562,215,Current,326000
5703,1750,220,Current,158000
5704,1987,201,Current,118000
5705,1226,211,Current,318000
5706,1944,213,Savings,93000
5707,1263,209,Current,428000
5708,1958,219,Current,168000
5709,1973,206,Current,244000
5710,1614,212,Savings,344000
5711,1580,201,Savings,269000
5712,1559,202,Savings,492000
5713,1980,207,Current,311000
5714,1049,216,Savings,354000
5715,1714,213,Savings,205000
5716,1594,210,Current,294000
5717,1721,215,Current,117000
5718,1118,216,Current,47000
5719,1631,204,Current,250000
5720,1060,206,Current,181000
5721,1425,218,Savings,56000
5722,1293,219,Current,11000
5723,1860,216,Current,401000
5724,1517,218,Current,350000
5725,1390,212,Current,452000
5726,1558,203,Current,316000
5727,1018,218,Savings,28000
5728,1337,207,Savings,407000
5729,1938,213,Current,448000
5730,1088,219,Current,319000
5731,1461,212,Savings,271000
5732,1147,220,Current,113000
5733,1543,201,Current,422000
5734,1190,202,Current,346000
5735,1068,209,Savings,114000
5736,1928,218,Savings,91000
5737,1361,205,Current,464000
5738,1095,207,Savings,357000
5739,1507,206,Current,28000
5740,1190,215,Savings,155000
5741,1338,210,Savings,283000
5742,1116,219,Current,455000
5743,1810,215,Current,489000
5744,1554,206,Savings,339000
5745,1002,205,Savings,171000
5746,1283,203,Savings,356000
5747,1875,208,Current,83000
5748,1148,214,Current,370000
5749,1665,210,Savings,78000
5750,1145,218,Savings,348000
5751,1352,214,Current,443000
5752,1733,206,Savings,41000
5753,1098,205,Savings,236000
5754,1064,201,Current,329000
5755,1659,215,Current,409000
5756,1867,220,Current,22000
5757,1802,202,Savings,195000
5758,1518,208,Current,252000
5759,1092,202,Current,346000
5760,1646,207,Current,133000
5761,1235,210,Current,58000
5762,1693,203,Current,379000
5763,1088,212,Current,414000
5764,1927,217,Savings,68000
5765,1419,207,Current,461000
5766,1012,219,Current,424000
5767,1450,204,Savings,11000
5768,1345,208,Savings,99000
5769,1831,220,Current,273000
5770,1203,202,Savings,449000
5771,1078,220,Savings,469000
5772,1085,215,Current,324000
5773,1862,207,Current,155000
5774,1894,216,Current,80000
5775,1535,211,Current,345000
5776,1607,212,Current,307000
5777,1714,210,Savings,332000
5778,1920,214,Current,307000
5779,1229,201,Current,202000
5780,1225,207,Current,253000
5781,1490,220,Current,10000
5782,1840,213,Current,181000
5783,1121,211,Savings,455000
5784,1889,202,Savings,14000
5785,1077,217,Savings,491000
5786,1858,218,Current,18000
5787,1660,207,Current,42000
5788,1183,207,Current,204000
5789,1127,220,Savings,496000
5790,1413,208,Savings,136000
5791,1007,205,Savings,314000
5792,1270,204,Savings,431000
5793,1221,211,Current,405000
5794,1595,208,Savings,331000
5795,1997,215,Current,335000
5796,1486,208,Current,265000
5797,1334,207,Current,333000
5798,1093,203,Savings,166000
5799,1681,218,Current,16000
5800,1330,220,Current,5000
5801,1470,203,Savings,491000
5802,1962,215,Current,410000
5803,1114,212,Current,378000
5804,1365,217,Savings,207000
5805,1364,216,Current,107000
5806,1350,206,Current,329000
5807,1058,212,Savings,300000
5808,1217,214,Current,56000
5809,1713,214,Savings,191000
5810,1175,210,Savings,305000
5811,1359,216,Current,105000
5812,1800,214,Current,141000
5813,1768,205,Current,260000
5814,1092,218,Current,173000
5815,1962,207,Savings,46000
5816,1509,205,Current,233000
5817,1254,212,Current,44000
5818,1372,220,Current,21000
5819,1319,213,Savings,291000
5820,1213,211,Current,276000
5821,1830,220,Current,444000
5822,1392,210,Current,338000
5823,1735,220,Current,308000
5824,1634,202,Current,17000
5825,1281,201,Current,421000
5826,1703,202,Savings,472000
5827,1126,201,Savings,29000
5828,1639,214,Savings,413000
5829,1561,203,Savings,134000
5830,1307,205,Current,319000
5831,1978,201,Current,266000
5832,1878,207,Savings,172000
5833,1359,210,Current,33000
5834,1388,206,Current,329000
5835,1088,211,Savings,402000
5836,1134,206,Savings,386000
5837,1677,204,Savings,204000
5838,1131,207,Current,196000
5839,1307,210,Savings,186000
5840,1076,215,Savings,276000
5841,1218,216,Current,246000
5842,1602,214,Savings,40000
5843,1087,207,Current,222000
5844,1368,220,Current,335000
5845,1467,216,Current,281000
5846,1485,205,Savings,110000
5847,1001,205,Current,165000
5848,1456,216,Savings,222000
5849,1698,205,Current,200000
5850,1217,220,Current,138000
5851,1845,215,Savings,86000
5852,1011,220,Savings,184000
5853,1236,217,Current,294000
5854,1967,209,Savings,102000
5855,1740,201,Current,422000
5856,1385,208,Savings,482000
5857,1270,210,Savings,277000
5858,1138,211,Current,388000
5859,1201,211,Current,187000
5860,1820,208,Savings,166000
5861,1793,214,Savings,343000
5862,1074,218,Current,79000
5863,1151,217,Savings,324000
5864,1590,206,Current,136000
5865,1790,211,Savings,152000
5866,1301,217,Current,61000
5867,1655,201,Savings,200000
5868,1744,205,Current,8000
5869,1376,206,Savings,218000
5870,1299,203,Savings,40000
5871,1099,213,Savings,185000
5872,1239,218,Savings,181000
5873,1694,203,Current,72000
5874,1135,210,Savings,450000
5875,1074,208,Current,366000
5876,1314,206,Savings,78000
5877,1453,205,Current,489000
5878,1071,203,Savings,464000
5879,1658,204,Savings,311000
5880,1562,219,Savings,62000
5881,1106,204,Savings,184000
5882,1433,212,Current,168000
5883,1732,220,Current,475000
5884,1074,211,Savings,245000
5885,1478,214,Current,412000
5886,1077,220,Current,201000
5887,1877,204,Savings,316000
5888,1680,204,Current,433000
5889,1566,206,Savings,347000
5890,1323,215,Savings,303000
5891,1401,209,Savings,18000
5892,1815,205,Current,17000
5893,1638,218,Current,131000
5894,1487,216,Savings,393000
5895,1956,220,Savings,355000
5896,1795,201,Current,471000
5897,1405,209,Current,67000
5898,1702,205,Savings,314000
5899,1676,202,Savings,20000
5900,1444,205,Savings,235000
5901,1611,213,Savings,278000
5902,1936,210,Savings,258000
5903,1571,201,Current,299000
5904,1006,218,Savings,304000
5905,1453,209,Current,405000
5906,1767,203,Savings,485000
5907,1935,217,Current,355000
5908,1980,219,Current,65000
5909,1627,205,Savings,283000
5910,1141,215,Savings,419000
5911,1833,204,Current,478000
5912,1573,219,Savings,89000
5913,1429,214,Current,37000
5914,1677,203,Current,217000
5915,1313,212,Savings,224000
5916,1512,220,Savings,489000
5917,1846,211,Current,421000
5918,1440,216,Savings,14000
5919,1979,210,Savings,60000
5920,1807,213,Current,248000
5921,1915,220,Current,475000
5922,1361,220,Current,131000
5923,1162,212,Current,469000
5924,1956,207,Savings,437000
5925,1885,217,Savings,127000
5926,1452,202,Savings,341000
5927,1714,212,Savings,175000
5928,1221,218,Savings,293000
5929,1784,210,Savings,398000
5930,1651,209,Current,25000
5931,1624,219,Current,347000
5932,1050,216,Savings,428000
5933,1544,214,Savings,486000
5934,1530,218,Current,375000
5935,1656,211,Savings,319000
5936,1972,213,Current,168000
5937,1667,212,Savings,6000
5938,1315,212,Savings,130000
5939,1286,206,Current,111000
5940,1389,218,Current,203000
5941,1941,216,Savings,355000
5942,1935,212,Current,76000
5943,1504,201,Savings,125000
5944,1514,212,Savings,345000
5945,1629,205,Current,187000
5946,1107,212,Savings,35000
5947,1434,208,Current,333000
5948,1730,208,Current,418000
5949,1355,211,Current,42000
5950,1314,205,Current,216000
5951,1460,210,Savings,103000
5952,1031,202,Savings,46000
5953,1246,205,Current,385000
5954,1190,216,Savings,130000
5955,1508,205,Savings,238000
5956,1209,215,Savings,279000
5957,1466,203,Savings,57000
5958,1208,214,Savings,206000
5959,1073,204,Savings,423000
5960,1166,215,Current,408000
5961,1043,210,Savings,227000
5962,1471,219,Savings,244000
5963,1386,204,Current,466000
5964,1959,216,Current,352000
5965,1794,215,Savings,321000
5966,1193,214,Current,195000
5967,1721,218,Current,98000
5968,1499,205,Current,256000
5969,1867,211,Savings,260000
5970,1704,210,Current,310000
5971,1144,210,Savings,337000
5972,1254,215,Current,457000
5973,1535,206,Savings,13000
5974,1064,214,Savings,121000
5975,1618,211,Current,343000
5976,1625,207,Current,214000
5977,1540,202,Current,109000
5978,1353,211,Current,207000
5979,1058,205,Current,224000
5980,1030,214,Current,487000
5981,1269,219,Current,438000
5982,1575,205,Savings,38000
5983,1515,208,Savings,386000
5984,1232,203,Savings,11000
5985,1291,206,Savings,346000
5986,1926,204,Current,225000
5987,1881,220,Current,52000
5988,1757,210,Savings,87000
5989,1010,204,Current,337000
5990,1821,216,Savings,126000
5991,1848,204,Savings,42000
5992,1732,211,Current,260000
5993,1765,203,Savings,71000
5994,1476,218,Savings,367000
5995,1660,203,Current,377000
5996,1673,207,Current,286000
5997,1457,201,Savings,493000
5998,1215,216,Savings,246000
5999,1592,204,Current,14000
6000,1327,217,Savings,346000
6001,1801,206,Savings,383000
6002,1584,208,Current,455000
6003,1894,219,Savings,102000
6004,1718,214,Savings,399000
6005,1046,205,Savings,263000
6006,1629,204,Savings,500000
6007,1609,219,Savings,385000
6008,1374,220,Current,344000
6009,1284,203,Savings,289000
6010,1781,204,Savings,339000
6011,1210,217,Savings,342000
6012,1961,208,Savings,444000
6013,1070,211,Savings,89000
6014,1688,206,Current,65000
6015,1938,208,Current,313000
6016,1118,206,Savings,100000
6017,1516,209,Current,20000
6018,1207,210,Savings,250000
6019,1545,217,Savings,414000
6020,1687,202,Current,113000
6021,1794,215,Savings,377000
6022,1384,214,Current,354000
6023,1414,216,Current,329000
6024,1992,211,Current,127000
6025,1159,218,Current,227000
6026,1366,206,Savings,142000
6027,1762,204,Current,123000
6028,1775,202,Current,52000
6029,1271,220,Current,333000
6030,1065,203,Savings,496000
6031,1640,207,Current,174000
6032,1869,217,Savings,296000
6033,1318,208,Savings,262000
6034,1152,219,Savings,396000
6035,1546,220,Current,272000
6036,1231,206,Savings,230000
6037,1442,202,Savings,212000
6038,1300,207,Savings,65000
6039,1373,212,Savings,82000
6040,1020,217,Current,184000
6041,1318,213,Savings,223000
6042,1773,206,Current,126000
6043,1775,218,Current,290000
6044,1004,218,Savings,352000
6045,1976,204,Current,206000
6046,1421,212,Savings,16000
6047,1900,215,Current,118000
6048,1962,215,Current,42000
6049,1699,203,Savings,219000
6050,1640,213,Current,328000
6051,2000,220,Current,276000
6052,1731,201,Savings,499000
6053,1776,201,Savings,127000
6054,1589,209,Savings,354000
6055,1036,203,Current,464000
6056,1591,209,Savings,127000
6057,1857,213,Current,135000
6058,1351,204,Savings,277000
6059,1949,210,Savings,84000
6060,1288,210,Current,302000
6061,1647,202,Savings,444000
6062,1197,209,Current,133000
6063,1300,208,Current,339000
6064,1287,219,Current,61000
6065,1828,219,Savings,30000
6066,1643,207,Current,368000
6067,1881,205,Savings,383000
6068,1879,211,Current,258000
6069,1475,201,Savings,170000
6070,1020,206,Current,68000
6071,1947,208,Current,451000
6072,1548,215,Current,173000
6073,1901,215,Current,258000
6074,1768,203,Current,373000
6075,1110,201,Current,360000
6076,1816,207,Current,203000
6077,1074,209,Current,463000
6078,1280,209,Savings,98000
6079,1836,205,Savings,41000
6080,1165,214,Current,453000
6081,1079,213,Savings,144000
6082,1246,203,Current,457000
6083,1996,218,Current,245000
6084,1143,214,Savings,367000
6085,1425,204,Savings,126000
6086,1038,207,Savings,57000
6087,1508,218,Current,494000
6088,1307,204,Savings,152000
6089,1245,220,Savings,122000
6090,1880,208,Savings,233000
6091,1527,208,Current,347000
6092,1297,212,Savings,287000
6093,1836,212,Current,114000
6094,1138,204,Current,411000
6095,1239,205,Savings,40000
6096,1396,208,Current,60000
6097,1249,204,Current,439000
6098,1653,203,Savings,228000
6099,1651,204,Current,441000
6100,1459,204,Current,35000
6101,1276,206,Current,279000
6102,1920,207,Current,497000
6103,1466,219,Savings,440000
6104,1597,215,Current,194000
6105,1920,216,Current,6000
6106,1262,207,Current,410000
6107,1341,216,Current,471000
6108,1565,205,Current,111000
6109,1467,215,Current,116000
6110,1926,211,Savings,381000
6111,1248,218,Savings,494000
6112,1458,218,Current,172000
6113,1880,215,Current,218000
6114,1817,213,Savings,204000
6115,1754,206,Current,137000
6116,1888,209,Current,239000
6117,1046,215,Current,360000
6118,1740,205,Savings,402000
6119,1928,220,Current,107000
6120,1929,207,Current,347000
6121,1758,213,Current,482000
6122,1216,209,Savings,73000
6123,1178,216,Current,191000
6124,1668,219,Savings,67000
6125,1454,204,Savings,134000
6126,1492,203,Savings,406000
6127,1855,205,Savings,403000
6128,1981,202,Savings,100000
6129,1377,217,Savings,325000
6130,1662,217,Current,133000
6131,1425,215,Current,323000
6132,1691,219,Savings,319000
6133,1219,218,Current,154000
6134,1361,214,Savings,123000
6135,1557,208,Current,75000
6136,1281,207,Savings,455000
6137,1740,210,Savings,471000
6138,1364,217,Savings,37000
6139,1736,217,Current,396000
6140,1248,203,Current,191000
6141,1816,206,Savings,421000
6142,1542,211,Current,447000
6143,1901,204,Current,347000
6144,1875,201,Savings,29000
6145,1017,208,Savings,320000
6146,1640,217,Savings,300000
6147,1123,210,Savings,488000
6148,1820,211,Current,453000
6149,1757,209,Current,343000
6150,1151,207,Savings,494000
6151,1537,212,Current,436000
6152,1526,215,Savings,443000
6153,1394,216,Current,347000
6154,1643,202,Savings,465000
6155,1658,210,Savings,246000
6156,1511,217,Savings,129000
6157,1147,202,Current,285000
6158,1437,206,Current,384000
6159,1649,202,Current,303000
6160,1517,210,Current,16000
6161,1638,214,Current,271000
6162,1034,209,Current,421000
6163,1698,220,Current,114000
6164,1446,211,Savings,201000
6165,1804,202,Savings,243000
6166,1246,209,Current,465000
6167,1975,218,Savings,216000
6168,1208,207,Savings,437000
6169,1008,208,Savings,449000
6170,1459,215,Current,106000
6171,1541,211,Current,298000
6172,1113,213,Current,171000
6173,1290,210,Current,67000
6174,1753,210,Current,349000
6175,1215,218,Savings,79000
6176,1113,212,Savings,214000
6177,1903,209,Current,66000
6178,1039,212,Current,86000
6179,1950,202,Savings,293000
6180,1319,217,Current,165000
6181,1178,219,Savings,486000
6182,1639,212,Savings,313000
6183,1752,219,Savings,311000
6184,1555,215,Current,166000
6185,1062,201,Savings,297000
6186,1753,201,Savings,365000
6187,1085,212,Current,252000
6188,1184,215,Savings,96000
6189,1987,203,Savings,210000
6190,1074,216,Savings,95000
6191,1317,208,Savings,362000
6192,1282,213,Savings,376000
6193,1287,201,Savings,47000
6194,1513,202,Savings,170000
6195,1391,214,Current,188000
6196,1936,204,Current,6000
6197,1372,208,Current,490000
6198,1283,203,Current,260000
6199,1084,211,Savings,36000
6200,1563,208,Savings,77000
6201,1005,215,Savings,483000
6202,1453,219,Current,470000
6203,1027,205,Savings,129000
6204,1627,215,Savings,213000
6205,1846,206,Current,433000
6206,1719,210,Current,9000
6207,1268,219,Current,162000
6208,1972,217,Savings,171000
6209,1321,208,Current,422000
6210,1676,211,Current,440000
6211,1246,208,Current,96000
6212,1475,215,Current,345000
6213,1590,207,Current,372000
6214,1967,207,Savings,172000
6215,1582,216,Savings,164000
6216,1818,210,Savings,482000
6217,1109,208,Current,355000
6218,1981,201,Savings,103000
6219,1853,213,Current,393000
6220,1942,207,Current,152000
6221,1379,214,Current,389000
6222,1322,210,Savings,38000
6223,1312,201,Current,130000
6224,1017,206,Savings,248000
6225,1612,214,Savings,110000
6226,1637,202,Current,386000
6227,1392,203,Savings,242000
6228,1985,206,Current,360000
6229,1468,208,Current,347000
6230,1253,208,Current,184000
6231,1837,214,Savings,430000
6232,1419,216,Savings,226000
6233,1309,216,Savings,454000
6234,1098,214,Savings,255000
6235,1195,209,Savings,274000
6236,1788,215,Current,343000
6237,1755,208,Current,256000
6238,1468,201,Current,29000
6239,1197,206,Current,66000
6240,1157,207,Current,334000
6241,1135,218,Current,427000
6242,1924,206,Current,14000
6243,1685,210,Current,494000
6244,1897,201,Current,257000
6245,1240,217,Savings,466000
6246,1076,206,Current,268000
6247,1451,211,Current,407000
6248,1153,207,Savings,21000
6249,1691,210,Current,343000
6250,1655,208,Current,108000
6251,1546,213,Savings,454000
6252,1177,203,Current,301000
6253,1339,206,Current,178000
6254,1227,211,Savings,390000
6255,1070,208,Savings,152000
6256,1355,218,Savings,292000
6257,1024,201,Current,392000
6258,1616,207,Savings,286000
6259,1552,218,Savings,110000
6260,1347,220,Current,415000
6261,1587,201,Current,136000
6262,1883,219,Savings,317000
6263,1932,209,Savings,406000
6264,1156,208,Savings,137000
6265,1210,209,Current,73000
6266,1684,218,Current,334000
6267,1912,214,Savings,51000
6268,1632,201,Current,79000
6269,1410,202,Savings,455000
6270,1297,208,Current,150000
6271,1760,216,Savings,441000
6272,1912,213,Current,186000
6273,1928,214,Current,285000
6274,1924,211,Savings,246000
6275,1720,214,Current,329000
6276,1877,216,Savings,280000
6277,1406,203,Savings,495000
6278,1656,214,Savings,478000
6279,1210,207,Current,406000
6280,1469,209,Current,469000
6281,1912,213,Current,183000
6282,1946,207,Current,23000
6283,1586,206,Current,47000
6284,1111,212,Current,192000
6285,1969,219,Current,67000
6286,1275,205,Savings,175000
6287,1983,208,Current,167000
6288,1086,211,Current,260000
6289,1633,220,Savings,73000
6290,1294,218,Current,364000
6291,1636,214,Savings,350000
6292,1024,209,Current,100000
6293,1828,218,Savings,413000
6294,1822,207,Savings,44000
6295,1342,209,Savings,420000
6296,1999,218,Savings,265000
6297,1783,211,Current,381000
6298,1756,208,Savings,443000
6299,1200,206,Savings,343000
6300,1751,209,Savings,243000
6301,1680,216,Current,344000
6302,1724,207,Current,43000
6303,1995,211,Savings,46000
6304,1400,202,Savings,59000
6305,1437,211,Current,242000
6306,1819,207,Current,183000
6307,1279,215,Current,263000
6308,1488,218,Savings,366000
6309,1715,212,Current,130000
6310,1901,215,Current,403000
6311,1107,217,Savings,435000
6312,1320,218,Current,33000
6313,1209,203,Savings,238000
6314,1246,215,Current,456000
6315,1282,212,Savings,449000
6316,1157,219,Current,156000
6317,1033,207,Savings,243000
6318,1078,209,Savings,483000
6319,1485,219,Savings,311000
6320,1664,219,Current,194000
6321,1433,209,Savings,131000
6322,1614,216,Current,292000
6323,1572,218,Current,73000
6324,1170,215,Savings,366000
6325,1124,203,Savings,32000
6326,1944,218,Current,77000
6327,1086,206,Savings,414000
6328,1152,205,Current,316000
6329,1147,215,Savings,442000
6330,1711,210,Current,228000
6331,1055,213,Current,422000
6332,1536,212,Savings,61000
6333,1233,203,Savings,302000
6334,1079,219,Current,46000
6335,1558,204,Current,423000
6336,1317,214,Savings,480000
6337,1136,218,Current,357000
6338,1088,202,Savings,360000
6339,1484,213,Current,473000
6340,1834,205,Savings,356000
6341,1079,219,Current,310000
6342,1818,204,Current,492000
6343,1120,209,Current,378000
6344,1790,211,Current,133000
6345,1365,205,Savings,253000
6346,1790,204,Current,203000
6347,1524,210,Savings,132000
6348,1034,209,Savings,54000
6349,1153,216,Current,40000
6350,1269,211,Savings,218000
6351,1585,208,Savings,341000
6352,1155,206,Savings,185000
6353,1140,210,Savings,346000
6354,1388,211,Current,446000
6355,1586,213,Current,430000
6356,1741,212,Current,59000
6357,1632,202,Savings,132000
6358,1349,218,Current,155000
6359,1632,214,Savings,56000
6360,1731,205,Savings,6000
6361,1559,208,Savings,287000
6362,1902,220,Savings,305000
6363,1404,213,Savings,380000
6364,1463,210,Savings,51000
6365,1188,216,Current,146000
6366,1970,208,Current,226000
6367,1817,205,Savings,339000
6368,1786,217,Savings,295000
6369,1679,214,Savings,97000
6370,1110,205,Current,217000
6371,1708,215,Savings,420000
6372,1158,206,Savings,490000
6373,1002,218,Current,239000
6374,1941,219,Savings,30000
6375,1140,208,Savings,492000
6376,1792,213,Savings,161000
6377,1717,211,Savings,311000
6378,1281,214,Savings,340000
6379,1869,220,Current,363000
6380,1656,218,Savings,185000
6381,1806,214,Current,136000
6382,1399,215,Savings,151000
6383,1477,214,Current,96000
6384,1146,210,Current,44000
6385,1834,201,Savings,386000
6386,1965,203,Savings,403000
6387,1014,212,Savings,87000
6388,1647,217,Savings,313000
6389,1159,212,Savings,228000
6390,1173,215,Savings,89000
6391,1107,210,Current,52000
6392,1500,210,Savings,77000
6393,1468,220,Savings,157000
6394,1381,210,Savings,308000
6395,1104,204,Current,429000
6396,1831,205,Current,142000
6397,1739,218,Savings,371000
6398,1202,212,Current,331000
6399,1248,213,Current,39000
6400,1791,215,Current,163000
6401,1703,206,Current,55000
6402,1633,212,Current,397000
6403,1022,215,Savings,287000
6404,1783,208,Current,404000
6405,1979,217,Current,277000
6406,1474,214,Current,95000
6407,1241,204,Savings,166000
6408,1939,219,Current,127000
6409,1389,213,Current,267000
6410,1997,212,Savings,493000
6411,1943,212,Current,21000
6412,1658,216,Savings,53000
6413,1408,214,Savings,420000
6414,1201,217,Savings,58000
6415,1134,201,Current,71000
6416,1344,204,Current,61000
6417,1703,209,Savings,326000
6418,1746,207,Savings,461000
6419,1310,216,Savings,301000
6420,1053,202,Savings,213000
6421,1845,208,Current,164000
6422,1551,210,Current,32000
6423,1137,209,Current,266000
6424,1154,218,Savings,147000
6425,1683,213,Current,250000
6426,1257,219,Current,182000
6427,1877,217,Savings,337000
6428,1254,206,Savings,500000
6429,1458,213,Savings,96000
6430,1712,216,Savings,30000
6431,1865,218,Savings,230000
6432,1099,219,Savings,457000
6433,1557,219,Savings,340000
6434,1390,220,Savings,487000
6435,1580,205,Savings,117000
6436,1054,212,Savings,375000
6437,1973,216,Savings,88000
6438,1561,215,Current,312000
6439,1457,208,Savings,311000
6440,1453,207,Savings,312000
6441,1924,220,Current,406000
6442,1543,203,Savings,322000
6443,1345,203,Savings,76000
6444,1253,202,Current,221000
6445,1839,217,Savings,75000
6446,1663,203,Savings,228000
6447,1763,202,Current,14000
6448,1571,208,Savings,303000
6449,1238,213,Savings,95000
6450,1587,220,Current,202000
6451,1418,206,Savings,234000
6452,1640,212,Savings,367000
6453,1435,219,Savings,134000
6454,1800,217,Savings,79000
6455,1027,206,Savings,228000
6456,1540,216,Current,158000
6457,1548,220,Current,49000
6458,1954,211,Savings,190000
6459,1087,210,Current,460000
6460,1232,213,Current,485000
6461,1577,202,Current,353000
6462,1064,211,Current,107000
6463,1980,217,Current,74000
6464,1025,211,Savings,436000
6465,1746,204,Current,220000
6466,1042,209,Current,42000
6467,1459,202,Current,495000
6468,1537,207,Current,44000
6469,1371,207,Savings,458000
6470,1192,217,Savings,375000
6471,1607,219,Savings,413000
6472,1736,213,Current,135000
6473,1413,216,Savings,64000
6474,1022,201,Current,471000
6475,1766,213,Savings,494000
6476,1887,205,Savings,60000
6477,1612,218,Current,221000
6478,1457,219,Savings,201000
6479,1304,206,Current,329000
6480,1664,203,Savings,118000
6481,1236,214,Current,123000
6482,1788,216,Savings,258000
6483,1255,207,Current,201000
6484,1755,201,Savings,258000
6485,1560,211,Current,311000
6486,1443,214,Current,365000
6487,1545,208,Savings,418000
6488,1078,210,Current,126000
6489,1040,208,Savings,403000
6490,1666,201,Savings,208000
6491,1309,201,Current,50000
6492,1262,205,Savings,424000
6493,1271,207,Current,499000
6494,1638,213,Current,454000
6495,1251,205,Current,399000
6496,1941,220,Current,407000
6497,1072,203,Savings,223000
6498,1206,201,Current,203000
6499,1077,215,Current,253000
6500,1229,217,Current,384000
