card_id,customer_id,card_type,expiry_year,card_status
9001,1929,Credit,2029,Active
9002,1729,Debit,2031,Blocked
9003,1507,Debit,2031,Blocked
9004,1638,Debit,2032,Blocked
9005,1110,Debit,2030,Blocked
9006,1166,Credit,2028,Active
9007,1727,Debit,2031,Blocked
9008,1984,Credit,2027,Expired
9009,1410,Debit,2027,Active
9010,1205,Debit,2027,Blocked
9011,1380,Debit,2030,Blocked
9012,1712,Credit,2030,Active
9013,1721,Credit,2029,Expired
9014,1408,Debit,2030,Blocked
9015,1698,Credit,2032,Blocked
9016,1409,Debit,2031,Expired
9017,1941,Credit,2031,Blocked
9018,1529,Debit,2029,Expired
9019,1064,Debit,2029,Active
9020,1038,Credit,2032,Active
9021,1720,Credit,2027,Blocked
9022,1062,Debit,2032,Active
9023,1586,Debit,2031,Blocked
9024,1707,Debit,2029,Blocked
9025,1492,Credit,2031,Active
9026,1423,Credit,2031,Expired
9027,1269,Credit,2028,Blocked
9028,1276,Credit,2028,Active
9029,1287,Debit,2032,Active
9030,1311,Debit,2031,Active
9031,1576,Credit,2031,Active
9032,1516,Credit,2031,Expired
9033,1306,Credit,2027,Blocked
9034,1937,Credit,2029,Expired
9035,1501,Credit,2031,Blocked
9036,1386,Debit,2031,Expired
9037,1316,Debit,2029,Expired
9038,1890,Credit,2030,Active
9039,1507,Debit,2030,Expired
9040,1655,Credit,2029,Expired
9041,1778,Credit,2028,Active
9042,1736,Credit,2030,Blocked
9043,1803,Debit,2028,Active
9044,1322,Credit,2032,Blocked
9045,1689,Credit,2027,Expired
9046,1010,Credit,2031,Active
9047,1824,Credit,2029,Blocked
9048,1977,Debit,2030,Expired
9049,1658,Debit,2027,Blocked
9050,1893,Credit,2028,Blocked
9051,1894,Debit,2028,Blocked
9052,1259,Credit,2030,Expired
9053,1728,Credit,2030,Active
9054,1136,Debit,2027,Blocked
9055,1289,Credit,2030,Expired
9056,1292,Credit,2028,Blocked
9057,1766,Credit,2027,Active
9058,1412,Credit,2028,Blocked
9059,1880,Debit,2029,Active
9060,1685,Credit,2028,Expired
9061,1063,Debit,2027,Expired
9062,1031,Credit,2030,Blocked
9063,1362,Debit,2032,Expired
9064,1561,Debit,2027,Active
9065,1319,Debit,2027,Expired
9066,1953,Debit,2032,Expired
9067,1824,Debit,2031,Expired
9068,1851,Debit,2028,Active
9069,1133,Debit,2029,Blocked
9070,1125,Debit,2027,Active
9071,1374,Debit,2032,Expired
9072,1512,Debit,2027,Active
9073,1647,Credit,2032,Expired
9074,1290,Credit,2031,Active
9075,1626,Debit,2030,Blocked
9076,1689,Debit,2028,Expired
9077,1387,Credit,2030,Active
9078,1421,Debit,2029,Blocked
9079,1321,Debit,2031,Expired
9080,1129,Credit,2028,Active
9081,1347,Credit,2032,Active
9082,1005,Credit,2030,Active
9083,1240,Credit,2027,Blocked
9084,1250,Credit,2029,Expired
9085,1240,Credit,2029,Active
9086,1898,Credit,2028,Active
9087,1103,Debit,2030,Expired
9088,1313,Credit,2029,Blocked
9089,1407,Credit,2030,Active
9090,1504,Debit,2028,Expired
9091,1331,Debit,2031,Blocked
9092,1896,Debit,2027,Blocked
9093,1011,Debit,2029,Active
9094,1191,Credit,2028,Blocked
9095,1963,Debit,2031,Active
9096,1633,Credit,2031,Blocked
9097,1944,Debit,2031,Expired
9098,1391,Debit,2031,Active
9099,1488,Credit,2027,Expired
9100,1811,Debit,2031,Blocked
9101,1696,Credit,2027,Blocked
9102,1962,Debit,2032,Active
9103,1510,Credit,2029,Expired
9104,1773,Credit,2028,Blocked
9105,1933,Debit,2031,Active
9106,1456,Credit,2028,Expired
9107,1385,Credit,2032,Expired
9108,1128,Debit,2032,Active
9109,1888,Debit,2031,Active
9110,1404,Credit,2030,Expired
9111,1924,Credit,2028,Blocked
9112,1398,Credit,2032,Expired
9113,1797,Credit,2027,Active
9114,1117,Debit,2028,Expired
9115,1156,Debit,2027,Expired
9116,1211,Debit,2029,Active
9117,1149,Credit,2031,Blocked
9118,1244,Credit,2031,Active
9119,1904,Debit,2030,Blocked
9120,1401,Debit,2027,Active
9121,1963,Credit,2032,Active
9122,1347,Debit,2028,Blocked
9123,1089,Credit,2027,Active
9124,1034,Credit,2032,Blocked
9125,1926,Debit,2027,Expired
9126,1157,Credit,2030,Expired
9127,1018,Credit,2032,Active
9128,1313,Credit,2028,Blocked
9129,1274,Credit,2029,Expired
9130,1862,Credit,2028,Active
9131,1587,Credit,2030,Blocked
9132,1737,Credit,2032,Active
9133,1471,Debit,2027,Active
9134,1049,Debit,2032,Expired
9135,1446,Debit,2028,Active
9136,1426,Debit,2032,Active
9137,1495,Credit,2032,Active
9138,1697,Debit,2029,Blocked
9139,1584,Debit,2029,Blocked
9140,1392,Credit,2031,Active
9141,1869,Debit,2032,Active
9142,1079,Debit,2032,Expired
9143,1719,Debit,2029,Expired
9144,1577,Credit,2028,Expired
9145,1171,Credit,2031,Blocked
9146,1434,Debit,2028,Expired
9147,1425,Debit,2027,Active
9148,1133,Debit,2030,Active
9149,1067,Credit,2028,Blocked
9150,1606,Debit,2032,Active
9151,1025,Credit,2030,Active
9152,1877,Credit,2031,Blocked
9153,1907,Credit,2031,Active
9154,1943,Credit,2032,Active
9155,1976,Debit,2029,Active
9156,1306,Debit,2030,Blocked
9157,1202,Debit,2027,Expired
9158,1792,Debit,2027,Blocked
9159,1073,Debit,2027,Blocked
9160,1092,Credit,2029,Blocked
9161,1817,Debit,2030,Expired
9162,1750,Credit,2028,Blocked
9163,1584,Credit,2030,Active
9164,1103,Debit,2029,Expired
9165,1898,Credit,2027,Blocked
9166,1718,Credit,2027,Expired
9167,1242,Credit,2032,Blocked
9168,1643,Credit,2032,Active
9169,1397,Credit,2029,Expired
9170,1828,Credit,2032,Expired
9171,1659,Credit,2031,Active
9172,1450,Credit,2027,Active
9173,1182,Debit,2028,Expired
9174,1302,Credit,2030,Active
9175,1544,Debit,2030,Blocked
9176,1156,Debit,2031,Expired
9177,1105,Credit,2027,Expired
9178,1323,Debit,2030,Active
9179,1623,Credit,2029,Active
9180,1617,Credit,2028,Active
9181,1163,Credit,2029,Active
9182,1942,Debit,2031,Expired
9183,1061,Debit,2032,Blocked
9184,1540,Debit,2032,Blocked
9185,1096,Debit,2027,Active
9186,1021,Credit,2031,Expired
9187,1742,Credit,2028,Active
9188,1816,Credit,2030,Expired
9189,1152,Credit,2028,Blocked
9190,1998,Debit,2029,Active
9191,1937,Credit,2027,Expired
9192,1702,Debit,2028,Blocked
9193,1414,Debit,2028,Active
9194,1922,Debit,2032,Active
9195,1725,Credit,2031,Active
9196,1534,Debit,2028,Active
9197,1194,Credit,2028,Active
9198,1734,Debit,2027,Expired
9199,1904,Debit,2029,Active
9200,1431,Debit,2031,Blocked
9201,1103,Debit,2028,Active
9202,1250,Debit,2030,Blocked
9203,1465,Credit,2032,Blocked
9204,1299,Debit,2027,Blocked
9205,1693,Credit,2029,Active
9206,1365,Credit,2030,Active
9207,1250,Debit,2029,Expired
9208,1340,Debit,2030,Expired
9209,1781,Credit,2027,Active
9210,1264,Credit,2031,Active
9211,1585,Credit,2027,Expired
9212,1736,Debit,2031,Active
9213,1834,Credit,2028,Blocked
9214,1027,Debit,2031,Expired
9215,1531,Debit,2029,Blocked
9216,1254,Debit,2028,Expired
9217,1997,Credit,2030,Expired
9218,1778,Credit,2030,Active
9219,1392,Debit,2029,Blocked
9220,1856,Credit,2028,Blocked
9221,1343,Debit,2028,Expired
9222,1431,Debit,2028,Active
9223,1905,Credit,2027,Blocked
9224,1623,Credit,2031,Active
9225,1317,Credit,2031,Expired
9226,1877,Debit,2029,Active
9227,1113,Debit,2028,Expired
9228,1258,Debit,2030,Expired
9229,1110,Debit,2028,Blocked
9230,1783,Debit,2030,Blocked
9231,1015,Credit,2029,Expired
9232,1356,Debit,2029,Blocked
9233,1388,Credit,2030,Expired
9234,1967,Debit,2032,Active
9235,1029,Debit,2029,Blocked
9236,1485,Credit,2029,Active
9237,1163,Credit,2030,Active
9238,1766,Credit,2027,Expired
9239,1268,Credit,2028,Active
9240,1593,Credit,2032,Expired
9241,1356,Debit,2030,Active
9242,1812,Credit,2031,Active
9243,1191,Credit,2028,Expired
9244,1966,Debit,2028,Expired
9245,1257,Debit,2028,Expired
9246,1758,Credit,2031,Blocked
9247,1524,Credit,2029,Active
9248,1929,Debit,2031,Expired
9249,1933,Credit,2032,Active
9250,1865,Debit,2029,Active
9251,1275,Credit,2029,Active
9252,1791,Debit,2030,Blocked
9253,1014,Debit,2029,Expired
9254,1283,Credit,2031,Expired
9255,1020,Credit,2030,Expired
9256,1151,Credit,2032,Expired
9257,1046,Credit,2030,Expired
9258,1971,Credit,2028,Active
9259,1975,Credit,2030,Expired
9260,1995,Debit,2030,Expired
9261,1514,Credit,2030,Expired
9262,1260,Credit,2029,Blocked
9263,1117,Credit,2027,Active
9264,1002,Credit,2030,Expired
9265,1985,Debit,2030,Blocked
9266,1860,Credit,2032,Blocked
9267,1524,Debit,2028,Expired
9268,1497,Debit,2031,Blocked
9269,1593,Debit,2029,Active
9270,1851,Credit,2027,Blocked
9271,1606,Debit,2030,Blocked
9272,1761,Credit,2032,Blocked
9273,1419,Debit,2032,Active
9274,1956,Debit,2027,Expired
9275,1111,Debit,2028,Active
9276,1450,Debit,2027,Active
9277,1250,Debit,2028,Active
9278,1649,Credit,2030,Active
9279,1682,Credit,2029,Blocked
9280,1077,Credit,2028,Expired
9281,1779,Credit,2028,Expired
9282,1068,Debit,2027,Active
9283,1092,Credit,2031,Expired
9284,1991,Debit,2029,Expired
9285,1224,Credit,2032,Blocked
9286,1855,Credit,2028,Active
9287,1265,Debit,2030,Expired
9288,1274,Debit,2029,Expired
9289,1152,Credit,2032,Blocked
9290,1530,Debit,2028,Expired
9291,1771,Debit,2027,Active
9292,1180,Debit,2029,Blocked
9293,1652,Credit,2029,Expired
9294,1258,Credit,2029,Blocked
9295,1041,Credit,2030,Active
9296,1223,Debit,2029,Blocked
9297,1719,Credit,2030,Blocked
9298,1008,Debit,2029,Expired
9299,1016,Credit,2028,Expired
9300,1017,Credit,2031,Active
9301,1176,Debit,2029,Expired
9302,1372,Debit,2029,Expired
9303,1172,Debit,2028,Expired
9304,1064,Debit,2031,Blocked
9305,1480,Debit,2030,Active
9306,1287,Credit,2029,Blocked
9307,1662,Debit,2031,Active
9308,1710,Debit,2031,Active
9309,1872,Debit,2027,Active
9310,1296,Credit,2027,Active
9311,1925,Debit,2027,Expired
9312,1799,Debit,2031,Active
9313,1045,Credit,2031,Active
9314,1938,Debit,2032,Blocked
9315,1272,Credit,2031,Expired
9316,1562,Debit,2032,Blocked
9317,1601,Credit,2029,Blocked
9318,1454,Debit,2031,Expired
9319,1468,Credit,2030,Active
9320,1084,Credit,2027,Expired
9321,1391,Credit,2030,Expired
9322,1317,Credit,2029,Blocked
9323,1686,Debit,2030,Blocked
9324,1638,Credit,2030,Active
9325,1835,Credit,2032,Expired
9326,1434,Debit,2030,Blocked
9327,1511,Debit,2027,Expired
9328,1832,Debit,2032,Active
9329,1593,Debit,2030,Blocked
9330,1270,Credit,2029,Blocked
9331,1280,Debit,2028,Blocked
9332,1988,Debit,2030,Expired
9333,1037,Credit,2031,Expired
9334,1138,Debit,2027,Expired
9335,1149,Debit,2031,Blocked
9336,1392,Credit,2031,Expired
9337,1075,Credit,2029,Expired
9338,1361,Credit,2028,Expired
9339,1490,Debit,2032,Active
9340,1265,Credit,2031,Blocked
9341,1330,Credit,2029,Active
9342,1817,Credit,2031,Active
9343,1517,Debit,2032,Expired
9344,1168,Credit,2027,Blocked
9345,1012,Debit,2031,Expired
9346,1815,Credit,2028,Blocked
9347,1458,Credit,2028,Blocked
9348,1341,Credit,2030,Active
9349,1842,Debit,2029,Blocked
9350,1161,Debit,2031,Expired
9351,1569,Debit,2030,Expired
9352,1360,Credit,2030,Blocked
9353,1525,Debit,2031,Active
9354,1776,Credit,2032,Expired
9355,1112,Credit,2028,Active
9356,1105,Credit,2029,Expired
9357,1850,Debit,2032,Blocked
9358,1927,Debit,2029,Active
9359,1308,Credit,2028,Blocked
9360,1182,Debit,2032,Expired
9361,1496,Credit,2027,Active
9362,1574,Debit,2032,Active
9363,1059,Debit,2029,Active
9364,1209,Debit,2029,Blocked
9365,1737,Debit,2029,Expired
9366,1667,Debit,2031,Active
9367,1562,Debit,2027,Active
9368,1006,Debit,2029,Blocked
9369,1691,Credit,2028,Expired
9370,1024,Debit,2030,Blocked
9371,1712,Debit,2031,Expired
9372,1941,Debit,2030,Expired
9373,1113,Debit,2028,Blocked
9374,1066,Credit,2028,Blocked
9375,1095,Credit,2030,Active
9376,1717,Credit,2029,Blocked
9377,1911,Credit,2027,Expired
9378,1697,Debit,2030,Expired
9379,1366,Debit,2027,Expired
9380,1196,Debit,2028,Blocked
9381,1287,Credit,2027,Active
9382,1953,Credit,2028,Blocked
9383,1356,Debit,2029,Active
9384,1753,Credit,2027,Active
9385,1404,Debit,2028,Active
9386,1623,Credit,2027,Expired
9387,1115,Debit,2029,Expired
9388,1257,Debit,2030,Blocked
9389,1964,Debit,2027,Expired
9390,1632,Debit,2030,Active
9391,1965,Debit,2031,Active
9392,1669,Debit,2027,Active
9393,1674,Debit,2030,Expired
9394,1763,Credit,2029,Blocked
9395,1956,Credit,2030,Expired
9396,1408,Credit,2031,Blocked
9397,1688,Credit,2030,Blocked
9398,1649,Debit,2028,Blocked
9399,1319,Credit,2027,Blocked
9400,1345,Credit,2032,Active
9401,1658,Credit,2031,Active
9402,1990,Credit,2030,Expired
9403,1056,Credit,2032,Active
9404,1764,Credit,2031,Active
9405,1812,Credit,2029,Expired
9406,1424,Debit,2032,Blocked
9407,1489,Debit,2031,Blocked
9408,1133,Debit,2027,Active
9409,1476,Debit,2031,Active
9410,1032,Credit,2028,Expired
9411,1962,Debit,2030,Blocked
9412,1185,Debit,2028,Blocked
9413,1784,Debit,2028,Active
9414,1545,Credit,2031,Expired
9415,1372,Debit,2030,Blocked
9416,1103,Debit,2030,Active
9417,1567,Debit,2029,Blocked
9418,1393,Debit,2029,Blocked
9419,1656,Debit,2030,Active
9420,1625,Credit,2028,Active
9421,1903,Credit,2029,Blocked
9422,1992,Credit,2028,Active
9423,1223,Debit,2029,Expired
9424,1179,Credit,2028,Blocked
9425,1616,Debit,2029,Active
9426,1886,Debit,2027,Blocked
9427,1005,Credit,2031,Active
9428,1213,Debit,2032,Active
9429,1090,Debit,2032,Blocked
9430,1525,Debit,2032,Expired
9431,1209,Credit,2028,Expired
9432,1631,Credit,2029,Active
9433,1518,Debit,2030,Active
9434,1786,Debit,2030,Blocked
9435,1756,Credit,2030,Blocked
9436,1017,Credit,2029,Blocked
9437,1442,Credit,2027,Expired
9438,1257,Debit,2027,Active
9439,1253,Credit,2032,Active
9440,1038,Debit,2032,Expired
9441,1483,Credit,2032,Active
9442,1966,Credit,2028,Expired
9443,1848,Credit,2031,Active
9444,1749,Credit,2030,Active
9445,1375,Debit,2028,Active
9446,1404,Credit,2031,Expired
9447,1600,Debit,2029,Active
9448,1147,Debit,2032,Expired
9449,1269,Credit,2032,Blocked
9450,1020,Credit,2031,Expired
9451,1879,Credit,2030,Blocked
9452,1275,Credit,2028,Expired
9453,1087,Credit,2029,Expired
9454,1374,Credit,2027,Expired
9455,1752,Debit,2031,Active
9456,1239,Debit,2031,Active
9457,1354,Credit,2030,Expired
9458,1903,Debit,2029,Blocked
9459,1025,Debit,2027,Expired
9460,1555,Debit,2030,Blocked
9461,1124,Credit,2031,Blocked
9462,1397,Credit,2030,Expired
9463,1637,Credit,2029,Blocked
9464,1822,Debit,2031,Expired
9465,1587,Debit,2031,Blocked
9466,1552,Debit,2031,Expired
9467,1562,Debit,2032,Blocked
9468,1255,Debit,2029,Active
9469,1511,Credit,2030,Expired
9470,1138,Credit,2028,Active
9471,1674,Debit,2028,Active
9472,1922,Debit,2031,Active
9473,1464,Credit,2030,Expired
9474,1323,Debit,2031,Blocked
9475,1828,Credit,2029,Blocked
9476,1553,Credit,2029,Expired
9477,1389,Credit,2027,Expired
9478,1757,Credit,2032,Active
9479,1435,Debit,2028,Active
9480,1016,Debit,2029,Active
9481,1932,Credit,2030,Expired
9482,1992,Credit,2027,Blocked
9483,1618,Debit,2027,Active
9484,1889,Credit,2029,Active
9485,1443,Credit,2029,Expired
9486,1887,Debit,2029,Expired
9487,1252,Debit,2029,Expired
9488,1252,Debit,2028,Blocked
9489,1719,Debit,2028,Active
9490,1031,Credit,2030,Blocked
9491,1654,Debit,2027,Expired
9492,1326,Credit,2028,Active
9493,1542,Debit,2032,Active
9494,1550,Credit,2029,Expired
9495,1874,Credit,2027,Active
9496,1622,Debit,2028,Active
9497,1185,Credit,2030,Active
9498,1603,Credit,2028,Expired
9499,1133,Debit,2032,Blocked
9500,1789,Credit,2029,Expired
9501,1357,Debit,2027,Active
9502,1963,Credit,2032,Active
9503,1602,Credit,2027,Blocked
9504,1634,Credit,2032,Active
9505,1178,Credit,2030,Blocked
9506,1466,Debit,2028,Expired
9507,1470,Debit,2031,Expired
9508,1474,Debit,2032,Active
9509,1422,Debit,2028,Expired
9510,1107,Credit,2030,Expired
9511,1615,Debit,2031,Active
9512,1117,Credit,2032,Blocked
9513,1677,Credit,2030,Blocked
9514,1835,Credit,2028,Active
9515,1005,Debit,2031,Active
9516,1557,Debit,2032,Blocked
9517,1037,Debit,2031,Active
9518,1698,Credit,2030,Expired
9519,1771,Credit,2031,Active
9520,1800,Credit,2030,Blocked
9521,1653,Credit,2030,Expired
9522,1385,Debit,2029,Active
9523,1013,Credit,2028,Expired
9524,1071,Credit,2031,Active
9525,1799,Debit,2028,Expired
9526,1764,Credit,2031,Blocked
9527,1442,Debit,2031,Active
9528,1018,Debit,2027,Blocked
9529,1971,Debit,2031,Expired
9530,1081,Credit,2028,Active
9531,1224,Credit,2032,Active
9532,1286,Credit,2029,Active
9533,1760,Debit,2029,Blocked
9534,1049,Credit,2029,Blocked
9535,1828,Debit,2030,Blocked
9536,1396,Debit,2031,Expired
9537,1057,Credit,2030,Blocked
9538,1897,Debit,2032,Active
9539,1777,Debit,2031,Expired
9540,1544,Credit,2031,Blocked
9541,1919,Debit,2030,Expired
9542,1501,Debit,2030,Blocked
9543,1697,Credit,2028,Expired
9544,1442,Credit,2032,Blocked
9545,1046,Credit,2029,Blocked
9546,1145,Debit,2027,Expired
9547,1881,Credit,2028,Expired
9548,1513,Debit,2032,Active
9549,1850,Credit,2027,Active
9550,1197,Debit,2028,Expired
9551,1574,Debit,2032,Expired
9552,1930,Debit,2032,Expired
9553,1722,Credit,2028,Expired
9554,1110,Debit,2032,Active
9555,1110,Debit,2029,Active
9556,1919,Credit,2028,Expired
9557,1009,Debit,2032,Expired
9558,1128,Credit,2030,Expired
9559,1828,Credit,2029,Active
9560,1647,Debit,2029,Blocked
9561,1780,Debit,2031,Active
9562,1604,Debit,2029,Active
9563,1394,Debit,2031,Active
9564,1673,Credit,2031,Expired
9565,1047,Credit,2032,Active
9566,1109,Credit,2031,Active
9567,1157,Debit,2028,Blocked
9568,1969,Debit,2029,Blocked
9569,1287,Debit,2028,Blocked
9570,1277,Credit,2031,Expired
9571,1685,Debit,2031,Active
9572,1335,Credit,2027,Blocked
9573,1295,Credit,2028,Active
9574,1837,Credit,2029,Expired
9575,1180,Credit,2028,Active
9576,1662,Credit,2028,Active
9577,1414,Credit,2032,Expired
9578,1734,Debit,2029,Blocked
9579,1804,Debit,2028,Active
9580,1195,Debit,2028,Blocked
9581,1685,Credit,2027,Expired
9582,1284,Debit,2030,Expired
9583,1961,Debit,2028,Blocked
9584,1264,Credit,2027,Blocked
9585,1943,Credit,2030,Blocked
9586,1901,Debit,2030,Active
9587,1279,Debit,2028,Blocked
9588,1206,Debit,2028,Expired
9589,1328,Credit,2031,Active
9590,1696,Credit,2031,Active
9591,1112,Credit,2030,Blocked
9592,1058,Credit,2031,Blocked
9593,1806,Credit,2029,Active
9594,1644,Credit,2031,Expired
9595,1996,Credit,2027,Blocked
9596,1115,Debit,2029,Active
9597,1894,Credit,2027,Blocked
9598,1715,Credit,2030,Expired
9599,1913,Credit,2032,Expired
9600,1326,Debit,2028,Blocked
9601,1942,Debit,2031,Expired
9602,1398,Credit,2030,Active
9603,1343,Debit,2030,Active
9604,1404,Debit,2032,Expired
9605,1118,Debit,2029,Expired
9606,1192,Debit,2027,Blocked
9607,1966,Debit,2032,Active
9608,1875,Debit,2032,Active
9609,1736,Debit,2031,Expired
9610,1269,Debit,2029,Active
9611,1705,Debit,2029,Expired
9612,1765,Debit,2030,Active
9613,2000,Debit,2027,Active
9614,1579,Credit,2030,Expired
9615,1808,Credit,2027,Active
9616,1711,Credit,2027,Active
9617,1533,Debit,2029,Active
9618,1934,Debit,2027,Expired
9619,1580,Debit,2031,Active
9620,1211,Credit,2028,Blocked
9621,1752,Debit,2030,Active
9622,1289,Debit,2028,Active
9623,1310,Credit,2028,Expired
9624,1213,Debit,2030,Blocked
9625,1669,Debit,2029,Expired
9626,1524,Debit,2030,Blocked
9627,1390,Debit,2032,Blocked
9628,1091,Credit,2030,Blocked
9629,1704,Debit,2029,Active
9630,1307,Debit,2027,Active
9631,1080,Debit,2027,Expired
9632,1545,Debit,2031,Blocked
9633,1296,Debit,2027,Blocked
9634,1004,Credit,2027,Active
9635,1323,Credit,2029,Blocked
9636,1655,Debit,2028,Expired
9637,1522,Credit,2032,Expired
9638,1434,Credit,2030,Expired
9639,1276,Credit,2027,Active
9640,1134,Credit,2032,Active
9641,1700,Credit,2032,Expired
9642,1930,Credit,2030,Active
9643,1397,Debit,2032,Active
9644,1626,Credit,2028,Blocked
9645,1590,Credit,2031,Expired
9646,1883,Debit,2027,Expired
9647,1817,Credit,2028,Active
9648,1313,Debit,2029,Active
9649,1058,Debit,2027,Active
9650,1375,Credit,2029,Active
9651,1035,Debit,2030,Blocked
9652,1293,Credit,2029,Active
9653,1410,Credit,2032,Expired
9654,1248,Debit,2029,Expired
9655,1459,Debit,2029,Active
9656,1939,Debit,2031,Active
9657,1575,Credit,2028,Blocked
9658,1846,Debit,2029,Blocked
9659,1459,Credit,2027,Active
9660,1272,Debit,2030,Expired
9661,1427,Credit,2032,Blocked
9662,1870,Credit,2029,Blocked
9663,1673,Debit,2032,Expired
9664,1384,Credit,2032,Expired
9665,1602,Debit,2028,Blocked
9666,1870,Debit,2030,Blocked
9667,1264,Debit,2031,Active
9668,1873,Credit,2032,Active
9669,1512,Credit,2031,Blocked
9670,1840,Debit,2032,Active
9671,1164,Debit,2027,Expired
9672,1660,Debit,2032,Expired
9673,1071,Credit,2031,Blocked
9674,1728,Credit,2031,Expired
9675,1601,Credit,2031,Blocked
9676,1034,Debit,2030,Active
9677,1401,Credit,2029,Blocked
9678,1935,Debit,2031,Blocked
9679,1268,Credit,2028,Blocked
9680,1305,Credit,2028,Blocked
9681,1514,Debit,2027,Blocked
9682,1575,Debit,2030,Expired
9683,1683,Debit,2029,Blocked
9684,1543,Debit,2027,Active
9685,1763,Credit,2031,Active
9686,1670,Debit,2030,Blocked
9687,1395,Debit,2027,Active
9688,1285,Credit,2032,Blocked
9689,1545,Debit,2031,Blocked
9690,1116,Credit,2028,Active
9691,1659,Debit,2032,Blocked
9692,1471,Debit,2031,Expired
9693,1379,Debit,2030,Blocked
9694,1368,Credit,2028,Active
9695,1751,Credit,2031,Blocked
9696,1397,Debit,2029,Expired
9697,1998,Credit,2032,Active
9698,1188,Credit,2032,Active
9699,1316,Debit,2030,Active
9700,1519,Credit,2030,Expired
9701,1248,Debit,2029,Blocked
9702,1406,Debit,2029,Active
9703,1491,Debit,2028,Expired
9704,1512,Credit,2027,Expired
9705,1763,Debit,2030,Active
9706,1309,Debit,2028,Blocked
9707,1699,Credit,2028,Active
9708,1627,Credit,2032,Active
9709,1707,Debit,2028,Expired
9710,1614,Credit,2030,Expired
9711,1558,Credit,2032,Blocked
9712,1072,Debit,2029,Expired
9713,1285,Credit,2031,Blocked
9714,1450,Credit,2028,Expired
9715,1375,Credit,2028,Blocked
9716,1703,Credit,2029,Expired
9717,1341,Debit,2031,Expired
9718,1362,Credit,2028,Blocked
9719,1587,Credit,2031,Expired
9720,1174,Credit,2031,Expired
9721,1979,Debit,2032,Expired
9722,1099,Debit,2031,Expired
9723,1173,Debit,2027,Active
9724,1177,Debit,2030,Expired
9725,1903,Credit,2028,Expired
9726,1543,Credit,2029,Expired
9727,1637,Credit,2029,Blocked
9728,1108,Debit,2032,Active
9729,1365,Credit,2028,Active
9730,1905,Credit,2028,Blocked
9731,1649,Credit,2029,Blocked
9732,1400,Debit,2027,Active
9733,1031,Credit,2027,Blocked
9734,1043,Credit,2027,Expired
9735,1660,Debit,2031,Expired
9736,1343,Credit,2028,Blocked
9737,1450,Debit,2029,Active
9738,1692,Credit,2030,Active
9739,1278,Credit,2031,Expired
9740,1295,Credit,2032,Expired
9741,1046,Credit,2030,Expired
9742,1376,Credit,2031,Active
9743,1414,Credit,2032,Active
9744,1746,Credit,2028,Active
9745,1642,Credit,2032,Active
9746,1496,Debit,2029,Blocked
9747,1572,Credit,2029,Blocked
9748,1681,Credit,2031,Blocked
9749,1852,Credit,2029,Active
9750,1223,Debit,2027,Active
9751,1057,Debit,2028,Blocked
9752,1567,Debit,2029,Active
9753,1154,Debit,2032,Expired
9754,1429,Debit,2027,Active
9755,1260,Credit,2032,Active
9756,1096,Credit,2027,Active
9757,1745,Credit,2031,Blocked
9758,1067,Credit,2028,Active
9759,1227,Credit,2030,Active
9760,1516,Debit,2029,Active
9761,1427,Debit,2028,Expired
9762,1774,Credit,2027,Active
9763,1676,Debit,2028,Expired
9764,1431,Debit,2027,Active
9765,1501,Debit,2028,Expired
9766,1233,Debit,2031,Active
9767,1714,Debit,2030,Blocked
9768,1382,Credit,2029,Active
9769,1243,Debit,2030,Blocked
9770,1915,Credit,2032,Active
9771,1654,Debit,2032,Expired
9772,1872,Credit,2027,Blocked
9773,1339,Credit,2031,Expired
9774,1224,Credit,2031,Expired
9775,1664,Debit,2032,Expired
9776,1406,Debit,2027,Expired
9777,1062,Credit,2032,Blocked
9778,1639,Credit,2029,Blocked
9779,1790,Credit,2031,Expired
9780,1835,Credit,2032,Active
9781,1511,Debit,2029,Blocked
9782,1746,Credit,2029,Blocked
9783,1048,Debit,2031,Active
9784,1466,Credit,2029,Expired
9785,1941,Debit,2032,Expired
9786,1009,Debit,2032,Expired
9787,1252,Credit,2029,Blocked
9788,2000,Debit,2028,Expired
9789,1151,Debit,2030,Active
9790,1878,Credit,2027,Active
9791,1370,Credit,2028,Blocked
9792,1666,Debit,2027,Expired
9793,1046,Debit,2028,Expired
9794,1309,Credit,2028,Blocked
9795,1551,Debit,2030,Expired
9796,1100,Credit,2029,Active
9797,1839,Credit,2029,Active
9798,1665,Debit,2030,Blocked
9799,1279,Credit,2032,Expired
9800,1990,Credit,2032,Blocked
9801,1538,Debit,2032,Active
9802,1216,Credit,2031,Blocked
9803,1787,Credit,2027,Active
9804,1728,Debit,2031,Active
9805,1560,Debit,2027,Active
9806,1735,Debit,2031,Active
9807,1973,Debit,2029,Blocked
9808,1799,Credit,2029,Blocked
9809,1478,Credit,2031,Blocked
9810,1041,Debit,2029,Active
9811,1734,Debit,2031,Expired
9812,1803,Credit,2029,Blocked
9813,1636,Debit,2030,Active
9814,1592,Debit,2031,Blocked
9815,1390,Debit,2027,Blocked
9816,1536,Credit,2029,Blocked
9817,1491,Credit,2031,Blocked
9818,1403,Debit,2029,Blocked
9819,1656,Debit,2032,Active
9820,1646,Debit,2027,Expired
9821,1841,Credit,2027,Blocked
9822,1554,Debit,2028,Active
9823,1888,Credit,2029,Expired
9824,1485,Credit,2029,Expired
9825,1351,Debit,2029,Blocked
9826,1106,Credit,2032,Active
9827,1051,Debit,2031,Expired
9828,1247,Credit,2027,Active
9829,1379,Credit,2028,Blocked
9830,1274,Debit,2030,Active
9831,1810,Credit,2031,Expired
9832,1447,Debit,2029,Active
9833,1810,Credit,2031,Blocked
9834,1007,Debit,2030,Active
9835,1913,Debit,2030,Blocked
9836,1319,Debit,2032,Active
9837,1539,Credit,2030,Expired
9838,1004,Debit,2027,Blocked
9839,1427,Debit,2032,Blocked
9840,1097,Debit,2028,Active
9841,1368,Debit,2029,Active
9842,1991,Debit,2032,Blocked
9843,1456,Credit,2032,Active
9844,1615,Debit,2028,Expired
9845,1964,Credit,2029,Blocked
9846,1621,Debit,2027,Active
9847,1163,Credit,2027,Active
9848,1905,Credit,2032,Blocked
9849,1825,Debit,2031,Expired
9850,1572,Debit,2030,Blocked
9851,1513,Debit,2030,Expired
9852,1394,Debit,2027,Expired
9853,1931,Debit,2031,Blocked
9854,1063,Debit,2028,Active
9855,1174,Debit,2029,Expired
9856,1248,Debit,2030,Expired
9857,1508,Debit,2032,Blocked
9858,1127,Credit,2031,Active
9859,1049,Credit,2032,Active
9860,1120,Debit,2031,Active
9861,1919,Debit,2029,Active
9862,1894,Debit,2029,Blocked
9863,1641,Credit,2030,Blocked
9864,1250,Credit,2027,Active
9865,1898,Credit,2028,Active
9866,1459,Credit,2030,Active
9867,1942,Debit,2032,Active
9868,1612,Debit,2030,Expired
9869,1270,Credit,2029,Blocked
9870,1056,Debit,2032,Blocked
9871,1911,Credit,2027,Active
9872,1374,Debit,2031,Blocked
9873,1925,Credit,2029,Expired
9874,1159,Credit,2031,Active
9875,1175,Debit,2027,Active
9876,1513,Credit,2029,Expired
9877,1176,Debit,2030,Active
9878,1625,Credit,2028,Active
9879,1247,Debit,2031,Expired
9880,1209,Debit,2032,Active
9881,1053,Debit,2028,Expired
9882,1367,Debit,2032,Blocked
9883,1151,Debit,2027,Blocked
9884,1356,Credit,2031,Expired
9885,1915,Debit,2027,Expired
9886,1087,Credit,2031,Blocked
9887,1861,Debit,2030,Blocked
9888,1513,Debit,2029,Expired
9889,1165,Credit,2030,Active
9890,1494,Credit,2032,Expired
9891,1532,Credit,2028,Expired
9892,1302,Credit,2029,Blocked
9893,1117,Credit,2027,Expired
9894,1857,Debit,2028,Active
9895,1602,Debit,2031,Expired
9896,1229,Credit,2029,Blocked
9897,1457,Debit,2029,Blocked
9898,1910,Credit,2031,Expired
9899,1436,Debit,2027,Expired
9900,1391,Credit,2030,Active
9901,1104,Credit,2029,Blocked
9902,1130,Credit,2029,Blocked
9903,1564,Credit,2031,Active
9904,1257,Debit,2029,Expired
9905,1577,Debit,2030,Active
9906,1766,Credit,2028,Expired
9907,1984,Credit,2028,Active
9908,1785,Credit,2029,Blocked
9909,1340,Debit,2029,Blocked
9910,1399,Debit,2030,Blocked
9911,1383,Credit,2028,Expired
9912,1844,Credit,2028,Expired
9913,1314,Debit,2028,Active
9914,1574,Credit,2027,Expired
9915,1740,Debit,2028,Expired
9916,1819,Debit,2030,Expired
9917,1190,Debit,2030,Blocked
9918,1053,Credit,2032,Expired
9919,1765,Credit,2031,Expired
9920,1329,Debit,2027,Active
9921,1877,Credit,2028,Active
9922,1439,Credit,2032,Expired
9923,1869,Credit,2027,Blocked
9924,1071,Debit,2031,Blocked
9925,1398,Credit,2029,Expired
9926,1289,Debit,2027,Expired
9927,1308,Debit,2028,Blocked
9928,1695,Debit,2030,Blocked
9929,1189,Credit,2029,Active
9930,1646,Debit,2027,Expired
9931,1838,Debit,2028,Blocked
9932,1453,Debit,2032,Expired
9933,1619,Credit,2032,Expired
9934,1483,Credit,2030,Blocked
9935,1842,Credit,2028,Expired
9936,1434,Debit,2028,Expired
9937,1095,Credit,2031,Active
9938,1303,Debit,2028,Active
9939,1566,Debit,2027,Active
9940,1462,Debit,2028,Blocked
9941,1550,Debit,2031,Blocked
9942,1626,Credit,2030,Blocked
9943,1497,Debit,2031,Active
9944,1764,Debit,2028,Expired
9945,1334,Debit,2031,Expired
9946,1039,Debit,2032,Blocked
9947,1095,Debit,2027,Expired
9948,1867,Credit,2029,Active
9949,1470,Debit,2028,Blocked
9950,1552,Debit,2030,Blocked
9951,1426,Debit,2029,Active
9952,1314,Credit,2029,Active
9953,1382,Credit,2027,Blocked
9954,1221,Debit,2031,Active
9955,1382,Debit,2031,Blocked
9956,1741,Debit,2030,Expired
9957,1828,Credit,2031,Expired
9958,1814,Debit,2030,Expired
9959,1565,Debit,2027,Blocked
9960,1926,Credit,2029,Expired
9961,1001,Credit,2032,Expired
9962,1794,Credit,2029,Blocked
9963,1706,Credit,2028,Blocked
9964,1670,Credit,2031,Blocked
9965,1594,Debit,2032,Active
9966,1525,Credit,2028,Active
9967,1178,Debit,2029,Expired
9968,1636,Debit,2027,Blocked
9969,1723,Debit,2027,Expired
9970,1272,Credit,2029,Active
9971,1341,Debit,2030,Expired
9972,1665,Credit,2029,Expired
9973,1280,Credit,2032,Blocked
9974,1253,Credit,2029,Active
9975,1985,Credit,2029,Blocked
9976,1511,Credit,2031,Active
9977,1028,Debit,2029,Blocked
9978,1020,Credit,2032,Active
9979,1348,Credit,2027,Active
9980,1291,Debit,2032,Active
9981,1836,Debit,2029,Blocked
9982,1575,Credit,2030,Active
9983,1165,Credit,2029,Active
9984,1371,Debit,2027,Expired
9985,1716,Credit,2032,Expired
9986,1870,Credit,2028,Active
9987,1970,Debit,2027,Blocked
9988,1393,Debit,2029,Blocked
9989,1937,Debit,2030,Blocked
9990,1618,Debit,2030,Expired
9991,1760,Credit,2028,Blocked
9992,1453,Credit,2032,Expired
9993,1103,Credit,2028,Blocked
9994,1262,Debit,2031,Active
9995,1597,Credit,2030,Active
9996,1030,Credit,2032,Active
9997,1176,Credit,2031,Blocked
9998,1539,Debit,2030,Active
9999,1686,Debit,2032,Expired
10000,1570,Debit,2031,Active
10001,1333,Debit,2030,Expired
10002,1664,Debit,2030,Blocked
10003,1272,Credit,2031,Blocked
10004,1473,Credit,2032,Expired
10005,1579,Credit,2028,Blocked
10006,1913,Debit,2031,Blocked
10007,1005,Debit,2030,Blocked
10008,1831,Debit,2032,Blocked
10009,1293,Credit,2031,Active
10010,1427,Credit,2027,Active
10011,1946,Credit,2027,Expired
10012,1151,Debit,2030,Active
10013,1410,Credit,2027,Blocked
10014,1140,Credit,2027,Active
10015,1079,Debit,2030,Active
10016,1209,Debit,2027,Blocked
10017,1522,Debit,2029,Expired
10018,1137,Credit,2028,Active
10019,1922,Debit,2027,Blocked
10020,1517,Debit,2029,Expired
10021,1323,Credit,2027,Active
10022,1870,Debit,2031,Blocked
10023,1464,Debit,2032,Blocked
10024,1756,Debit,2027,Active
10025,1254,Credit,2027,Blocked
10026,1608,Credit,2028,Expired
10027,1940,Credit,2032,Active
10028,1228,Credit,2030,Blocked
10029,1256,Debit,2030,Blocked
10030,1336,Credit,2032,Blocked
10031,1465,Credit,2030,Expired
10032,1473,Debit,2028,Expired
10033,1929,Debit,2029,Active
10034,1714,Credit,2028,Expired
10035,1509,Debit,2031,Blocked
10036,1590,Debit,2027,Expired
10037,1830,Debit,2027,Expired
10038,1347,Credit,2031,Blocked
10039,1271,Credit,2027,Expired
10040,1520,Debit,2028,Expired
10041,1306,Debit,2032,Expired
10042,1006,Credit,2027,Active
10043,1823,Credit,2030,Active
10044,1693,Credit,2029,Blocked
10045,1233,Credit,2030,Active
10046,1502,Credit,2032,Blocked
10047,1009,Credit,2032,Blocked
10048,1086,Credit,2030,Blocked
10049,1813,Debit,2031,Expired
10050,1939,Credit,2029,Blocked
10051,1691,Credit,2029,Active
10052,1554,Debit,2032,Blocked
10053,1519,Credit,2030,Blocked
10054,1948,Debit,2031,Active
10055,1633,Debit,2027,Active
10056,1910,Credit,2031,Expired
10057,1437,Credit,2032,Blocked
10058,1825,Debit,2029,Active
10059,1852,Credit,2032,Blocked
10060,1490,Credit,2029,Blocked
10061,1147,Credit,2031,Active
10062,1170,Debit,2032,Blocked
10063,1585,Credit,2028,Blocked
10064,1205,Credit,2031,Blocked
10065,1372,Credit,2027,Expired
10066,1633,Credit,2031,Expired
10067,1632,Debit,2029,Active
10068,1468,Credit,2031,Expired
10069,1073,Debit,2031,Blocked
10070,1247,Credit,2032,Blocked
10071,1013,Debit,2027,Active
10072,1209,Credit,2028,Expired
10073,1842,Debit,2029,Active
10074,1058,Credit,2028,Expired
10075,1238,Credit,2031,Expired
10076,1657,Credit,2032,Blocked
10077,1989,Debit,2029,Blocked
10078,1237,Credit,2029,Active
10079,1884,Credit,2028,Blocked
10080,1958,Credit,2030,Active
10081,1999,Credit,2031,Blocked
10082,1512,Credit,2027,Expired
10083,1541,Credit,2030,Blocked
10084,1036,Credit,2029,Active
10085,1250,Credit,2032,Blocked
10086,1228,Debit,2028,Expired
10087,1560,Credit,2030,Blocked
10088,1178,Credit,2030,Expired
10089,1968,Debit,2031,Blocked
10090,1660,Credit,2032,Active
10091,1466,Debit,2030,Active
10092,1408,Credit,2031,Expired
10093,1254,Credit,2028,Expired
10094,1694,Debit,2032,Active
10095,1653,Credit,2029,Blocked
10096,1822,Debit,2030,Blocked
10097,1205,Credit,2030,Active
10098,1926,Debit,2032,Active
10099,1908,Credit,2028,Expired
10100,1840,Credit,2028,Blocked
10101,1161,Debit,2031,Blocked
10102,1561,Debit,2030,Active
10103,1796,Debit,2029,Active
10104,1132,Debit,2030,Active
10105,1246,Credit,2029,Expired
10106,1475,Debit,2028,Active
10107,1699,Credit,2031,Blocked
10108,1121,Debit,2031,Blocked
10109,1820,Debit,2031,Active
10110,1847,Credit,2027,Expired
10111,1579,Credit,2028,Expired
10112,1953,Debit,2028,Expired
10113,1926,Debit,2027,Active
10114,1951,Debit,2029,Expired
10115,1623,Debit,2029,Expired
10116,1344,Debit,2027,Active
10117,1063,Credit,2031,Expired
10118,1831,Credit,2028,Expired
10119,1908,Credit,2031,Blocked
10120,1891,Debit,2028,Expired
10121,1797,Debit,2029,Blocked
10122,1343,Credit,2027,Blocked
10123,1424,Credit,2031,Expired
10124,1145,Credit,2028,Expired
10125,1592,Credit,2029,Active
10126,1834,Credit,2027,Active
10127,1138,Credit,2027,Expired
10128,1298,Credit,2027,Active
10129,1496,Credit,2029,Active
10130,1417,Credit,2030,Blocked
10131,1206,Credit,2031,Blocked
10132,1126,Credit,2027,Active
10133,1046,Credit,2030,Active
10134,1420,Credit,2027,Expired
10135,1322,Credit,2031,Blocked
10136,1231,Debit,2028,Expired
10137,1331,Debit,2032,Expired
10138,1900,Credit,2028,Blocked
10139,1656,Debit,2028,Expired
10140,1955,Credit,2027,Active
10141,1861,Debit,2028,Expired
10142,1894,Debit,2032,Active
10143,1526,Debit,2030,Active
10144,1754,Credit,2031,Expired
10145,1162,Credit,2030,Expired
10146,1104,Debit,2032,Expired
10147,1238,Credit,2031,Expired
10148,1445,Credit,2027,Active
10149,1010,Credit,2032,Expired
10150,1073,Debit,2029,Expired
10151,1207,Credit,2028,Active
10152,1066,Debit,2027,Expired
10153,1692,Debit,2032,Blocked
10154,1407,Credit,2030,Expired
10155,1516,Credit,2029,Active
10156,1249,Credit,2027,Active
10157,1860,Credit,2031,Active
10158,1724,Credit,2032,Active
10159,1715,Debit,2030,Blocked
10160,1659,Debit,2031,Active
10161,1234,Credit,2031,Blocked
10162,1755,Credit,2028,Blocked
10163,1991,Debit,2028,Blocked
10164,1322,Debit,2029,Active
10165,1586,Debit,2028,Blocked
10166,1955,Credit,2031,Expired
10167,1983,Debit,2030,Active
10168,1579,Debit,2032,Blocked
10169,1060,Debit,2031,Expired
10170,1930,Credit,2030,Active
10171,1682,Debit,2027,Active
10172,1888,Credit,2029,Blocked
10173,1705,Debit,2032,Expired
10174,1761,Credit,2027,Blocked
10175,1605,Debit,2029,Active
10176,1672,Debit,2031,Blocked
10177,1865,Credit,2029,Expired
10178,1908,Credit,2031,Active
10179,1598,Debit,2030,Expired
10180,1204,Debit,2032,Blocked
10181,1898,Debit,2029,Active
10182,1568,Credit,2032,Blocked
10183,1164,Debit,2027,Active
10184,1656,Debit,2029,Blocked
10185,1530,Credit,2029,Blocked
10186,1991,Credit,2031,Blocked
10187,1576,Debit,2027,Blocked
10188,1963,Credit,2032,Expired
10189,1807,Debit,2029,Active
10190,1765,Debit,2028,Expired
10191,1802,Debit,2028,Active
10192,1494,Debit,2031,Blocked
10193,1154,Debit,2032,Expired
10194,1687,Debit,2032,Expired
10195,1584,Credit,2027,Blocked
10196,1970,Credit,2027,Active
10197,1446,Debit,2032,Active
10198,1621,Debit,2029,Expired
10199,1421,Debit,2029,Blocked
10200,1498,Debit,2030,Expired
