customer_id,first_name,last_name,date_of_birth,gender,city,occupation,annual_income
1001,Agastya,Mital,2000-06-02,Female,Mumbai,Doctor,2905403
1002,Suhani,Kashyap,1963-05-13,Female,Ahmedabad,Sales Executive,1117294
1003,Omisha,Keer,2007-08-31,Female,Kolkata,Civil Engineer,2963386
1004,Aarav,Dara,1975-04-10,Male,Chennai,Teacher,1406077
1005,Ronith,Khalsa,1974-04-29,Male,Mumbai,Software Engineer,1512122
1006,Imaran,Subramanian,1961-09-11,Male,Ahmedabad,Lawyer,696908
1007,Chasmum,Puri,1992-12-21,Female,Ahmedabad,Business Owner,2345367
1008,Chaaya,Shenoy,1981-09-17,Female,Bangalore,Sales Executive,1454754
1009,Utkarsh,Dada,1999-08-07,Male,Kolkata,Student,1812681
1010,Upasna,Thakur,1958-09-10,Female,Delhi,Doctor,353096
1011,Pushti,Jaggi,1977-01-24,Male,Kolkata,Lawyer,1891732
1012,Kala,Seshadri,1994-03-17,Male,Hyderabad,Teacher,1115475
1013,Chaaya,Oommen,1988-03-29,Male,Pune,Sales Executive,2900972
1014,Girindra,Munshi,1989-05-12,Female,Bangalore,Software Engineer,2500901
1015,Tejas,Jha,1972-12-31,Male,Chennai,Teacher,1092785
1016,Yoshita,Parmer,1955-11-03,Male,Ahmedabad,Doctor,1372432
1017,Siddharth,Arora,1967-06-10,Female,Delhi,Business Owner,2943060
1018,Unni,Suresh,1973-03-29,Male,Pune,Sales Executive,657344
1019,Veer,Rajagopalan,2001-12-14,Female,Hyderabad,Accountant,491867
1020,Darsh,Chaudhry,1956-06-08,Female,Hyderabad,Doctor,1805611
1021,Harshil,Mani,1990-02-22,Female,Ahmedabad,Software Engineer,1246433
1022,Prisha,Tiwari,1999-08-29,Male,Chennai,Student,406586
1023,Joshua,Balay,1990-01-10,Male,Delhi,Student,1437545
1024,Saanvi,Anand,1981-04-27,Female,Pune,Civil Engineer,851019
1025,Kalpit,Chaudhari,1982-08-04,Male,Pune,Teacher,540036
1026,Oviya,Devi,1955-10-11,Male,Kolkata,Accountant,1537276
1027,Charan,Sur,1970-01-16,Male,Hyderabad,Lawyer,672862
1028,Balveer,Bhardwaj,1988-12-24,Female,Delhi,Sales Executive,1550737
1029,Yoshita,Kapoor,1972-08-06,Female,Hyderabad,Student,1856904
1030,Dev,Kurian,1970-03-18,Female,Hyderabad,Doctor,2372374
1031,Zilmil,Din,1964-03-18,Male,Kolkata,Business Owner,1443908
1032,Tripti,Sehgal,1995-11-19,Male,Pune,Lawyer,856775
1033,Mekhala,Prabhu,1983-07-12,Male,Mumbai,Student,2122625
1034,Advik,Iyer,2005-01-25,Female,Pune,Sales Executive,1491601
1035,Idika,Sahota,1973-02-27,Male,Delhi,Teacher,1639289
1036,Triveni,Minhas,1997-07-24,Female,Ahmedabad,Student,1183626
1037,Divya,Dasgupta,1961-11-07,Male,Chennai,Teacher,591464
1038,Andrew,Mital,1992-05-28,Male,Bangalore,Doctor,2504022
1039,Hemal,Sidhu,1970-01-08,Male,Chennai,Sales Executive,2728537
1040,Balendra,Bhagat,1994-01-09,Male,Bangalore,Lawyer,1970467
1041,Avi,Borah,2002-05-12,Male,Hyderabad,Teacher,2206854
1042,Irya,Patel,1968-09-26,Female,Ahmedabad,Software Engineer,2573809
1043,Jagat,Gala,1989-04-18,Female,Delhi,Doctor,1343211
1044,Shivani,Menon,1983-08-15,Male,Bangalore,Student,763237
1045,Chatresh,Prakash,1983-08-15,Male,Hyderabad,Civil Engineer,1456435
1046,Zansi,Ganesan,1961-11-13,Male,Ahmedabad,Doctor,2374333
1047,Gautami,Wagle,1997-06-23,Male,Delhi,Teacher,2508378
1048,Naveen,Varughese,1983-12-09,Female,Ahmedabad,Business Owner,995672
1049,Gautam,Sastry,2003-11-17,Male,Chennai,Civil Engineer,2624839
1050,Radhika,Wadhwa,1970-11-07,Female,Bangalore,Sales Executive,2646595
1051,Baljiwan,Chauhan,1993-03-15,Female,Mumbai,Accountant,787696
1052,Leena,Manda,1974-08-10,Female,Ahmedabad,Civil Engineer,2192791
1053,Kiaan,Chand,2008-01-29,Female,Hyderabad,Accountant,2192736
1054,Rushil,Baria,1971-01-23,Female,Bangalore,Doctor,2343191
1055,Samaksh,Barad,1992-07-17,Female,Delhi,Student,1620508
1056,Zehaan,Mall,1991-03-26,Male,Hyderabad,Business Owner,2461652
1057,Atharv,Prabhakar,2006-02-12,Male,Kolkata,Lawyer,2106830
1058,Bina,Sem,1960-11-22,Male,Bangalore,Business Owner,1710170
1059,Garima,Krishnamurthy,1969-09-17,Female,Pune,Teacher,2432391
1060,Jatin,Halder,1983-10-15,Male,Mumbai,Sales Executive,1873008
1061,Yochana,Dube,1984-04-17,Female,Delhi,Doctor,1645363
1062,Jeet,Sabharwal,1990-09-08,Male,Pune,Accountant,522008
1063,Bhavini,Das,1997-12-11,Female,Pune,Accountant,346623
1064,Zayan,Kala,1981-01-15,Male,Delhi,Student,2622789
1065,Nisha,Iyengar,1957-01-26,Female,Chennai,Sales Executive,1873810
1066,Ryan,Ganguly,2004-11-15,Female,Pune,Sales Executive,1982563
1067,Harinakshi,Sura,1992-02-27,Female,Chennai,Accountant,826123
1068,Simon,Buch,1973-04-30,Female,Mumbai,Doctor,2647760
1069,Hardik,Sarkar,2002-12-17,Female,Ahmedabad,Doctor,868457
1070,Nitara,Chopra,1974-11-27,Male,Delhi,Sales Executive,2270220
1071,Gauri,Srinivas,1966-10-05,Female,Delhi,Software Engineer,1307592
1072,Manan,Sharaf,1991-12-22,Male,Chennai,Business Owner,1259430
1073,Ranveer,Oza,1983-12-24,Female,Bangalore,Doctor,1875388
1074,Ishani,Walla,2004-06-18,Female,Ahmedabad,Teacher,1175044
1075,Girish,Naik,1963-05-24,Male,Hyderabad,Lawyer,426894
1076,Fariq,Puri,2001-03-10,Female,Mumbai,Software Engineer,2130693
1077,Chandani,Saha,1964-11-02,Female,Ahmedabad,Civil Engineer,1083897
1078,George,Buch,1969-07-08,Female,Kolkata,Software Engineer,2355069
1079,Wazir,Pau,2002-07-09,Female,Pune,Sales Executive,1352261
1080,Chandran,Saha,1978-11-12,Male,Delhi,Accountant,2804045
1081,Diya,Salvi,1979-05-22,Male,Ahmedabad,Teacher,454534
1082,Dalbir,Kashyap,1982-07-24,Male,Bangalore,Doctor,315125
1083,Veda,Aggarwal,1975-09-28,Female,Chennai,Lawyer,2003361
1084,Warhi,Pingle,2005-08-15,Male,Chennai,Accountant,2005991
1085,Bachittar,Venkataraman,1990-04-17,Male,Pune,Student,2720460
1086,Ishanvi,Mitter,2004-02-19,Female,Ahmedabad,Doctor,1225999
1087,Jackson,Sathe,2005-11-11,Female,Bangalore,Software Engineer,550410
1088,Sudiksha,Din,2008-01-05,Female,Chennai,Lawyer,1137019
1089,Jeevika,Sachdeva,1990-08-21,Male,Ahmedabad,Sales Executive,1446844
1090,Brijesh,Parmar,1969-06-28,Female,Delhi,Lawyer,2319065
1091,Manya,Vaidya,1998-01-05,Female,Pune,Accountant,1814513
1092,Falan,Talwar,1981-01-13,Female,Bangalore,Student,2285106
1093,Hemal,Puri,1994-02-14,Female,Ahmedabad,Civil Engineer,581281
1094,Netra,Chawla,1980-02-29,Male,Kolkata,Civil Engineer,2934088
1095,Girik,Saraf,1973-07-28,Male,Mumbai,Business Owner,1253772
1096,Atharv,Bhatti,2007-07-30,Male,Chennai,Accountant,1441876
1097,Vinaya,Vig,1984-07-05,Female,Bangalore,Civil Engineer,2248694
1098,Idika,Ravi,1982-04-03,Female,Ahmedabad,Teacher,2828239
1099,Jagrati,Modi,1972-02-22,Male,Hyderabad,Accountant,2624685
1100,Indrajit,Pall,1990-06-04,Male,Delhi,Student,1549459
1101,Om,Tella,1973-03-05,Male,Delhi,Business Owner,2023686
1102,Wishi,Balan,1984-11-07,Female,Delhi,Doctor,1241792
1103,Ria,Narain,1974-05-05,Male,Ahmedabad,Doctor,1107536
1104,Anthony,Sankar,2004-09-27,Male,Ahmedabad,Software Engineer,619580
1105,Nikita,Bains,1978-11-30,Male,Delhi,Accountant,321771
1106,Gaurangi,Merchant,1957-12-11,Male,Hyderabad,Lawyer,2101321
1107,Robert,Lalla,1968-07-13,Male,Kolkata,Doctor,2685216
1108,Darsh,Kannan,2003-08-10,Female,Pune,Lawyer,2592949
1109,Samaksh,Rajan,1961-09-07,Female,Bangalore,Doctor,331816
1110,Udarsh,Dutt,2007-05-19,Female,Mumbai,Business Owner,2352994
1111,Vincent,D’Alia,1993-10-07,Male,Delhi,Civil Engineer,2470433
1112,Faraj,Balay,1960-02-19,Male,Mumbai,Accountant,2259922
1113,Vincent,Grewal,2006-05-22,Female,Bangalore,Software Engineer,1280180
1114,Zehaan,Vala,1964-12-24,Female,Pune,Civil Engineer,1909408
1115,Turvi,Tiwari,1973-09-06,Female,Delhi,Student,1758313
1116,Nitesh,Lanka,1975-08-25,Female,Ahmedabad,Business Owner,1834121
1117,Watika,Wason,1996-02-06,Female,Mumbai,Business Owner,2548291
1118,Finn,Sawhney,1956-04-11,Male,Kolkata,Civil Engineer,741796
1119,Gayathri,Desai,1994-10-23,Male,Pune,Civil Engineer,2025260
1120,Anita,More,2005-11-07,Male,Mumbai,Civil Engineer,1434353
1121,Bimala,Bhavsar,1980-12-11,Male,Mumbai,Business Owner,454193
1122,Raagini,Datta,2004-12-13,Male,Kolkata,Teacher,896692
1123,Karan,Chowdhury,1974-09-20,Female,Pune,Accountant,1128138
1124,Jacob,Batta,1988-10-19,Male,Pune,Student,2296191
1125,Dipta,Nanda,1964-03-12,Male,Delhi,Software Engineer,1444920
1126,Kamya,Sha,1995-12-10,Male,Hyderabad,Accountant,1466031
1127,Eta,Parmer,1992-01-29,Female,Mumbai,Lawyer,1299053
1128,Advay,Singh,1985-05-25,Male,Ahmedabad,Accountant,513327
1129,Diya,Bhargava,2001-02-27,Female,Hyderabad,Doctor,2267064
1130,Frederick,Bora,1978-08-01,Female,Ahmedabad,Lawyer,2671151
1131,Saanvi,Sura,1985-11-02,Male,Delhi,Teacher,1517758
1132,Aditya,Karnik,2008-07-07,Female,Chennai,Student,1990703
1133,Harshil,Dutta,1994-08-31,Male,Delhi,Accountant,2942749
1134,Damyanti,Doshi,1973-08-15,Male,Mumbai,Doctor,2695301
1135,Kai,Mittal,1990-11-20,Male,Chennai,Lawyer,1353353
1136,Deepa,Dhillon,1970-10-28,Male,Bangalore,Teacher,2502497
1137,Qadim,Muni,1988-05-29,Female,Hyderabad,Teacher,2644216
1138,Karan,Palla,1964-05-23,Female,Chennai,Teacher,1061350
1139,Hiral,Golla,1974-12-10,Male,Hyderabad,Civil Engineer,2389352
1140,Arunima,Palan,1959-09-26,Male,Pune,Accountant,1653571
1141,Sai,Morar,1976-07-09,Female,Mumbai,Software Engineer,1903502
1142,Zaitra,Jhaveri,1975-04-11,Male,Ahmedabad,Accountant,900962
1143,Daksh,Soni,2001-08-12,Female,Mumbai,Doctor,1059834
1144,Chavvi,Sami,2006-05-26,Female,Ahmedabad,Business Owner,979430
1145,Yamini,Wable,1975-05-13,Male,Mumbai,Business Owner,2749908
1146,Gayathri,Rajan,2006-01-29,Female,Chennai,Civil Engineer,1510010
1147,Rayaan,Srinivasan,1957-01-08,Female,Mumbai,Software Engineer,419359
1148,Ranveer,Bala,1958-04-21,Female,Bangalore,Civil Engineer,2222720
1149,Nicholas,Nagar,1960-09-30,Male,Ahmedabad,Doctor,1388855
1150,Mohini,Mane,1992-10-31,Female,Kolkata,Civil Engineer,732948
1151,Anusha,Rama,1974-05-17,Female,Pune,Business Owner,1151875
1152,Diya,Rege,2007-09-24,Male,Chennai,Software Engineer,2623852
1153,Amruta,Basak,1984-05-17,Female,Pune,Student,510505
1154,Kalpit,Chopra,1996-01-27,Male,Hyderabad,Student,1914300
1155,Qushi,Parmar,2000-11-08,Male,Delhi,Student,830723
1156,Max,Barad,1987-05-13,Male,Mumbai,Student,2303197
1157,Dev,Desai,1974-02-15,Male,Pune,Civil Engineer,2074832
1158,Joshua,Handa,2003-03-16,Male,Hyderabad,Business Owner,2797344
1159,Harshil,Parekh,1961-10-18,Female,Ahmedabad,Doctor,436389
1160,Isaiah,Pall,1986-06-29,Male,Chennai,Doctor,1007855
1161,Anya,Suresh,1961-12-08,Female,Delhi,Teacher,768774
1162,Waida,Malhotra,1975-03-04,Male,Pune,Business Owner,1336071
1163,Rachit,Bahl,2004-07-28,Female,Pune,Sales Executive,627606
1164,Lucky,Pandey,1984-12-18,Male,Chennai,Doctor,1259842
1165,Waida,Anand,1964-12-25,Female,Mumbai,Business Owner,869581
1166,Kritika,Shere,1991-08-15,Female,Ahmedabad,Sales Executive,1311833
1167,Gaurika,Singh,1996-03-30,Female,Kolkata,Lawyer,2246549
1168,Unnati,Master,1956-05-15,Male,Kolkata,Civil Engineer,502691
1169,George,Sharaf,1991-12-31,Female,Ahmedabad,Sales Executive,1890321
1170,Pavani,Rana,1973-02-05,Female,Pune,Doctor,1194173
1171,Elijah,Dani,1984-06-21,Male,Kolkata,Business Owner,1020807
1172,Keya,Vasa,1957-10-25,Female,Bangalore,Software Engineer,861124
1173,Anthony,Kaul,1996-03-11,Female,Ahmedabad,Student,723377
1174,Vinaya,Dugal,1962-09-05,Female,Kolkata,Teacher,1477443
1175,Ria,Shetty,1960-09-24,Female,Pune,Accountant,1054068
1176,Keya,Chana,1965-09-18,Male,Hyderabad,Lawyer,1630216
1177,Quincy,Kakar,1965-02-01,Female,Kolkata,Lawyer,2478993
1178,Tanmayi,Borde,2003-10-20,Female,Delhi,Teacher,2525815
1179,Devansh,Maharaj,1959-09-20,Male,Mumbai,Sales Executive,2394301
1180,Dhruv,Desai,1978-05-12,Female,Pune,Civil Engineer,1971197
1181,Darsh,Zacharia,1985-11-29,Male,Chennai,Business Owner,1916692
1182,Qushi,Dutt,1977-12-22,Female,Kolkata,Teacher,1357397
1183,Ishaan,Bail,1959-01-02,Female,Delhi,Sales Executive,1576809
1184,Jeremiah,Bhatt,1985-08-25,Male,Delhi,Teacher,496929
1185,Jackson,Aggarwal,1986-06-23,Female,Mumbai,Sales Executive,2845744
1186,Chandresh,Padmanabhan,1994-01-30,Female,Chennai,Teacher,1129649
1187,Prisha,Mandal,1984-02-18,Male,Hyderabad,Doctor,1244050
1188,Tanveer,Nair,2003-12-19,Male,Hyderabad,Doctor,2223448
1189,Rachita,Khalsa,1970-02-26,Male,Kolkata,Business Owner,2397007
1190,Dipta,Bhatnagar,1995-10-25,Female,Ahmedabad,Doctor,483142
1191,Damini,Chana,1970-05-27,Female,Pune,Business Owner,2460539
1192,Ansh,Tailor,2003-04-07,Female,Chennai,Business Owner,1079957
1193,Ijaya,Toor,1985-07-29,Male,Bangalore,Civil Engineer,365418
1194,Ekta,Minhas,1981-02-14,Male,Delhi,Teacher,1528483
1195,Hemani,Atwal,1979-11-19,Female,Mumbai,Student,2000898
1196,Triya,Menon,2001-11-21,Male,Hyderabad,Sales Executive,2939409
1197,Girindra,Shukla,1959-06-06,Male,Mumbai,Civil Engineer,1043578
1198,Xiti,Seth,1993-11-27,Male,Delhi,Accountant,2175167
1199,Chavvi,Morar,1985-07-01,Female,Pune,Lawyer,304354
1200,Warda,Soman,1970-04-27,Female,Pune,Student,1818318
1201,Ansh,Issac,1986-12-14,Male,Kolkata,Student,2658061
1202,Jeevika,Mody,1999-02-27,Female,Hyderabad,Civil Engineer,2046560
1203,Ekapad,Bains,2005-11-11,Female,Chennai,Sales Executive,1402642
1204,Qadim,Cheema,1984-04-05,Male,Ahmedabad,Teacher,1183291
1205,Charan,Kamdar,1961-10-13,Male,Pune,Lawyer,1602201
1206,Chatura,Dutt,1983-07-09,Female,Mumbai,Civil Engineer,2007401
1207,Manya,Chaudhary,1977-11-24,Male,Hyderabad,Accountant,1519742
1208,Mahika,Tak,1969-05-11,Female,Mumbai,Student,1436372
1209,Samar,Kanda,1972-06-02,Female,Chennai,Lawyer,2865461
1210,Bachittar,Bhargava,1970-12-09,Male,Ahmedabad,Student,1245982
1211,Azaan,Mitra,2003-02-10,Female,Ahmedabad,Accountant,2872577
1212,Arin,Kumar,1976-02-10,Female,Mumbai,Student,1631517
1213,Yochana,Agate,1976-05-09,Male,Chennai,Lawyer,490007
1214,Saumya,Bhatia,1977-09-06,Female,Hyderabad,Teacher,1049730
1215,Krishna,Ghose,2002-06-02,Male,Pune,Teacher,708744
1216,Hamsini,Vasa,1996-10-24,Male,Bangalore,Business Owner,1023828
1217,Sneha,Padmanabhan,2006-03-06,Male,Pune,Lawyer,1415611
1218,Rajata,Edwin,1981-05-05,Female,Delhi,Teacher,2503650
1219,Jatin,Raju,1991-07-31,Female,Mumbai,Civil Engineer,459519
1220,Qabil,Subramanian,1975-11-01,Male,Delhi,Business Owner,2584499
1221,Ojasvi,Peri,1975-08-11,Male,Chennai,Teacher,1617797
1222,Omya,Dhar,2004-09-30,Male,Hyderabad,Accountant,542156
1223,Thomas,Tara,1965-05-19,Male,Kolkata,Civil Engineer,1729727
1224,Ekiya,Kapadia,1966-11-01,Female,Ahmedabad,Student,1451382
1225,Arunima,Nagi,1995-01-22,Male,Pune,Business Owner,1015906
1226,Xalak,More,1973-11-04,Female,Hyderabad,Sales Executive,1464333
1227,Chaitanya,Kulkarni,1987-06-14,Female,Delhi,Business Owner,1074993
1228,Nicholas,Arya,1966-12-11,Male,Kolkata,Accountant,1390455
1229,Ria,Setty,1961-05-31,Male,Pune,Student,1600562
1230,Waida,Bala,1965-10-08,Male,Mumbai,Software Engineer,2801128
1231,Pooja,Ray,1966-11-04,Male,Pune,Sales Executive,1157619
1232,Samesh,Datta,1960-12-30,Female,Hyderabad,Lawyer,2632371
1233,Abeer,Badal,1970-04-20,Male,Ahmedabad,Teacher,1012080
1234,Rishi,Nagi,2004-03-26,Male,Pune,Business Owner,2410104
1235,Niharika,Minhas,1958-06-03,Male,Ahmedabad,Lawyer,2182684
1236,Yutika,Mane,1992-03-30,Female,Ahmedabad,Student,995607
1237,Siddharth,Radhakrishnan,1973-03-07,Female,Mumbai,Business Owner,477313
1238,Jeremiah,Chokshi,1985-03-17,Male,Bangalore,Sales Executive,1834636
1239,Xavier,Sant,1974-01-10,Female,Kolkata,Civil Engineer,378138
1240,Amrita,Gopal,1957-03-07,Female,Pune,Lawyer,1675118
1241,Gayathri,Saraf,1963-03-25,Male,Mumbai,Student,1609216
1242,Qabil,Dutta,1977-12-06,Female,Hyderabad,Lawyer,1897197
1243,Anirudh,Devan,1994-04-22,Male,Ahmedabad,Sales Executive,2874528
1244,Raksha,Bassi,1983-03-27,Male,Mumbai,Student,2943356
1245,Rachana,Varty,1962-05-11,Male,Chennai,Teacher,2499068
1246,Balveer,Chawla,1982-11-21,Female,Pune,Business Owner,383256
1247,Jason,Anne,1990-07-07,Male,Hyderabad,Teacher,892350
1248,Aarini,Sodhi,1997-03-21,Female,Mumbai,Civil Engineer,1484186
1249,David,Deshpande,1999-11-28,Male,Delhi,Lawyer,1111711
1250,Arya,Chacko,2006-03-20,Male,Hyderabad,Software Engineer,662229
1251,Damyanti,Rastogi,1983-04-24,Female,Chennai,Teacher,810814
1252,Chaitaly,Chad,1969-04-18,Male,Hyderabad,Civil Engineer,999031
1253,Aarnav,Yogi,1961-03-17,Male,Kolkata,Student,1537559
1254,Baljiwan,Lal,1969-07-24,Female,Hyderabad,Software Engineer,2249417
1255,Anya,Sachdev,1956-07-02,Female,Bangalore,Civil Engineer,1513115
1256,Yachana,Jhaveri,1978-02-09,Male,Kolkata,Software Engineer,899395
1257,Riya,Kapoor,1987-06-28,Female,Pune,Business Owner,1192438
1258,Anya,Sami,1988-07-24,Female,Hyderabad,Lawyer,971099
1259,Anjali,Lala,1957-10-22,Female,Mumbai,Business Owner,1580448
1260,Shivansh,Shukla,1963-03-21,Female,Hyderabad,Business Owner,765284
1261,Bina,Gour,2003-08-17,Female,Delhi,Business Owner,2721812
1262,Alexander,Sachdev,1985-08-31,Female,Ahmedabad,Teacher,1171533
1263,Bahadurjit,Bala,1958-09-02,Male,Bangalore,Accountant,728554
1264,Manthan,Choudhry,2002-04-17,Female,Bangalore,Teacher,870093
1265,Udarsh,Kara,1968-02-26,Female,Pune,Civil Engineer,1587336
1266,Watika,Sawhney,1977-12-12,Male,Pune,Teacher,776195
1267,Radha,Modi,1972-02-29,Male,Delhi,Accountant,2782625
1268,Vasana,Buch,1991-07-08,Male,Ahmedabad,Accountant,1340027
1269,Ethan,Pai,2005-07-27,Female,Kolkata,Accountant,1802826
1270,Yasti,Lanka,1987-07-04,Male,Delhi,Teacher,2707439
1271,Omya,Keer,1972-04-02,Female,Hyderabad,Doctor,1120021
1272,Ojasvi,Bhatnagar,1990-01-08,Female,Mumbai,Teacher,1187836
1273,Indrajit,Karnik,1994-08-03,Male,Chennai,Lawyer,1512653
1274,Utkarsh,Dass,1978-11-02,Female,Mumbai,Teacher,1779229
1275,Kalpit,Jaggi,1955-08-24,Male,Mumbai,Lawyer,2007504
1276,Vansha,Kar,1965-09-06,Male,Pune,Accountant,2654146
1277,Mitesh,Dhaliwal,1980-03-08,Male,Kolkata,Software Engineer,585582
1278,Megha,Mangat,1973-01-31,Male,Mumbai,Software Engineer,597721
1279,Henry,Nair,1992-08-18,Male,Bangalore,Student,2448646
1280,Jhalak,Bail,1962-10-25,Male,Bangalore,Student,1361173
1281,Ekansh,Ganguly,1972-08-21,Female,Mumbai,Sales Executive,730073
1282,Xalak,Jaggi,1959-11-05,Female,Ahmedabad,Teacher,1678583
1283,Theodore,Bora,1984-09-29,Male,Mumbai,Student,2796756
1284,Dalaja,Misra,1965-08-06,Male,Bangalore,Business Owner,1592073
1285,Ekbal,Kala,1993-08-11,Male,Mumbai,Accountant,2899998
1286,Hemangini,Desai,1965-06-21,Female,Delhi,Lawyer,1374465
1287,Gautami,Venkataraman,1998-06-17,Male,Delhi,Accountant,1568120
1288,Jatin,Kata,1966-08-04,Male,Mumbai,Doctor,2675034
1289,Utkarsh,Handa,1974-09-25,Female,Ahmedabad,Lawyer,1948844
1290,Janya,Agarwal,1979-08-06,Female,Bangalore,Student,384171
1291,Chameli,Chadha,1988-09-18,Male,Chennai,Lawyer,977764
1292,Omaja,Virk,1982-11-14,Male,Pune,Civil Engineer,1689084
1293,Zehaan,Sharaf,1998-02-19,Male,Kolkata,Doctor,2213166
1294,Gopal,Boase,1959-08-17,Male,Pune,Sales Executive,1153015
1295,Balhaar,Goel,1955-11-06,Female,Hyderabad,Doctor,1035771
1296,Indali,Pathak,1993-03-20,Male,Bangalore,Lawyer,695941
1297,Thomas,Bhavsar,1959-07-25,Female,Kolkata,Civil Engineer,2607864
1298,Manya,Reddy,1978-10-12,Male,Ahmedabad,Software Engineer,1002311
1299,Mohini,Ghose,1970-08-21,Male,Kolkata,Teacher,2374834
1300,Alka,Virk,1988-08-19,Female,Kolkata,Sales Executive,2461307
1301,Harshil,Warrior,1963-08-16,Female,Kolkata,Teacher,2345362
1302,Samesh,Ahuja,2002-10-08,Female,Mumbai,Lawyer,2716788
1303,Garima,Purohit,2008-02-21,Female,Mumbai,Teacher,356530
1304,Shaurya,Batta,1958-06-29,Male,Kolkata,Business Owner,2278823
1305,Lila,Agrawal,1969-05-12,Female,Delhi,Accountant,2611974
1306,Deepa,Bhavsar,2004-07-01,Male,Kolkata,Business Owner,1004700
1307,Rajata,Chakrabarti,1984-11-07,Female,Ahmedabad,Accountant,2828259
1308,Mitali,Anand,1998-09-21,Female,Kolkata,Teacher,2038722
1309,Waida,Sagar,1986-09-15,Female,Chennai,Teacher,2314303
1310,Charan,Chaudhari,1997-02-22,Male,Delhi,Teacher,2038163
1311,Krishna,Zacharia,1985-08-28,Female,Bangalore,Lawyer,1540634
1312,Janani,Virk,1964-10-14,Female,Chennai,Lawyer,986903
1313,Janya,Bail,1977-06-09,Male,Hyderabad,Teacher,1273361
1314,Orinder,Wali,2005-11-29,Female,Hyderabad,Business Owner,1559946
1315,Udarsh,Padmanabhan,1985-12-02,Male,Delhi,Teacher,2813441
1316,Balvan,Thakkar,2003-02-03,Female,Chennai,Civil Engineer,1924668
1317,Utkarsh,Sarna,1983-11-10,Female,Mumbai,Business Owner,2620161
1318,Vamakshi,Bahl,1988-03-07,Female,Delhi,Teacher,2430119
1319,Agastya,Gera,1993-04-28,Female,Delhi,Student,1933246
1320,Daksh,Bobal,1996-04-12,Female,Kolkata,Lawyer,1695359
1321,Wakeeta,Balasubramanian,1967-11-16,Female,Bangalore,Software Engineer,2903024
1322,Patrick,Sethi,1961-08-22,Male,Hyderabad,Accountant,2673779
1323,Falan,Mangal,1997-04-05,Male,Mumbai,Doctor,2443253
1324,Riya,Brar,1980-01-17,Male,Hyderabad,Software Engineer,2609255
1325,Turvi,Kala,1957-05-22,Male,Pune,Software Engineer,1815189
1326,Lekha,Patel,1998-08-18,Female,Kolkata,Student,1000485
1327,Gaurangi,Gill,1999-07-05,Male,Delhi,Software Engineer,2378885
1328,Vritti,Keer,2002-04-17,Male,Delhi,Doctor,1406497
1329,Agastya,Rege,1979-03-14,Female,Kolkata,Accountant,2107621
1330,Praneel,Gill,1973-04-28,Male,Mumbai,Student,2498059
1331,Ekaja,Prabhakar,2007-07-17,Male,Mumbai,Software Engineer,2854694
1332,Unnati,Menon,2007-01-02,Female,Pune,Business Owner,1826508
1333,Irya,Dhingra,1971-06-13,Male,Bangalore,Software Engineer,1746011
1334,Azaan,Narula,1972-08-10,Female,Bangalore,Doctor,751091
1335,Indali,Srivastava,1977-01-06,Female,Pune,Civil Engineer,824798
1336,Samarth,Bhandari,1994-12-02,Female,Delhi,Lawyer,464766
1337,Ansh,Dube,2008-03-07,Female,Pune,Lawyer,917624
1338,Vedant,Gera,1974-04-01,Male,Chennai,Lawyer,2129605
1339,Jason,Bose,1987-06-13,Male,Delhi,Civil Engineer,320970
1340,Rachita,Dugar,1975-01-07,Female,Mumbai,Student,1199958
1341,Yamini,Apte,1967-08-13,Female,Bangalore,Sales Executive,1789664
1342,Utkarsh,Chokshi,1958-06-27,Female,Mumbai,Lawyer,2033803
1343,Ishita,Aurora,1985-04-23,Male,Pune,Doctor,2322304
1344,Ekta,Deol,1978-08-29,Female,Delhi,Civil Engineer,1349922
1345,Madhavi,Nagar,1994-08-24,Male,Bangalore,Student,2511618
1346,Pooja,Joshi,2005-04-23,Male,Ahmedabad,Sales Executive,2058159
1347,Xavier,Garde,1986-11-09,Male,Hyderabad,Teacher,1883367
1348,Aarini,Kothari,1971-08-11,Female,Bangalore,Business Owner,1296413
1349,Upma,Madan,2001-07-20,Male,Bangalore,Sales Executive,2747600
1350,Samar,Setty,2001-07-25,Male,Bangalore,Lawyer,849482
1351,Hemani,Rao,2004-08-31,Female,Kolkata,Student,2913489
1352,Faqid,Bhavsar,1967-06-18,Male,Chennai,Business Owner,617346
1353,Odika,Gokhale,1973-01-06,Female,Hyderabad,Accountant,437396
1354,Radhika,Sur,2007-03-18,Male,Ahmedabad,Sales Executive,472935
1355,Baghyawati,Dyal,1986-02-17,Male,Bangalore,Software Engineer,1549779
1356,Darika,Edwin,1979-06-12,Male,Delhi,Teacher,2098244
1357,Parth,Chopra,1998-01-30,Male,Pune,Student,1393426
1358,Triya,Kakar,1986-11-01,Female,Chennai,Teacher,485707
1359,Warda,Chaudry,1996-09-22,Male,Pune,Software Engineer,2474627
1360,Jeremiah,Pradhan,1982-06-18,Male,Chennai,Accountant,2391559
1361,Aashi,Bhatnagar,2002-08-09,Male,Hyderabad,Civil Engineer,1456602
1362,Amaira,Peri,1970-06-22,Male,Kolkata,Doctor,1254176
1363,Divya,Pal,2002-07-16,Female,Ahmedabad,Business Owner,544911
1364,Liam,Shukla,1960-08-05,Male,Bangalore,Student,595261
1365,Vamakshi,Sawhney,1976-08-17,Male,Chennai,Accountant,2252441
1366,Devansh,Soman,1965-03-22,Female,Pune,Accountant,2819953
1367,Jason,Saraf,1986-05-27,Female,Pune,Doctor,1035850
1368,Tarak,Badal,2005-08-29,Male,Mumbai,Accountant,530356
1369,Advika,Amble,1959-03-12,Male,Delhi,Student,2929780
1370,Urvashi,Chaudhuri,1975-05-12,Female,Kolkata,Doctor,1617591
1371,Gopal,Walla,1964-07-28,Male,Kolkata,Teacher,2371537
1372,Jagdish,Goswami,2004-12-10,Female,Ahmedabad,Doctor,1436509
1373,Chakradev,Dugar,1969-09-05,Female,Pune,Student,2724328
1374,Vasana,Ramesh,1958-05-20,Male,Delhi,Doctor,1825650
1375,Nitesh,Bedi,1956-10-19,Male,Ahmedabad,Doctor,1582240
1376,Aarini,Borah,2005-08-11,Male,Hyderabad,Student,993034
1377,Pranit,Dar,2004-10-17,Male,Kolkata,Sales Executive,708493
1378,Anya,Nagarajan,1959-11-03,Male,Chennai,Civil Engineer,1489157
1379,Zaid,Suri,1979-06-25,Female,Pune,Civil Engineer,1161683
1380,Anjali,Bath,1986-01-17,Female,Chennai,Sales Executive,747140
1381,Jasmit,Krishna,1971-08-28,Female,Hyderabad,Lawyer,948661
1382,Chakradhar,Chana,1996-03-09,Female,Pune,Teacher,1669525
1383,Ethan,Lalla,1962-10-19,Male,Mumbai,Sales Executive,2539849
1384,Baljiwan,Nagy,1962-11-01,Male,Hyderabad,Sales Executive,2731722
1385,Kevin,Hari,1963-09-25,Female,Chennai,Software Engineer,1539666
1386,Oeshi,Balan,1973-12-04,Female,Pune,Teacher,1370554
1387,Tanvi,Date,1955-12-14,Female,Pune,Doctor,559421
1388,Gayathri,Subramanian,1972-02-19,Female,Pune,Lawyer,2524921
1389,Isaiah,Tailor,1961-05-14,Male,Chennai,Student,666747
1390,Darsh,Sura,2004-08-28,Male,Kolkata,Business Owner,1446800
1391,Diya,Vasa,1961-01-28,Female,Mumbai,Student,712862
1392,Vyanjana,Sekhon,1958-09-22,Female,Hyderabad,Lawyer,558728
1393,Aarna,Kaur,1963-05-18,Female,Chennai,Sales Executive,1080780
1394,Shaurya,D’Alia,1969-04-28,Male,Chennai,Civil Engineer,1417781
1395,Dalbir,Kakar,1995-06-29,Male,Ahmedabad,Civil Engineer,484964
1396,Yashasvi,Sule,1963-03-15,Female,Mumbai,Doctor,2974193
1397,Ayushman,Krishnamurthy,1996-11-03,Male,Delhi,Software Engineer,2079734
1398,Chavvi,Sundaram,1990-02-27,Female,Bangalore,Doctor,1458987
1399,Krish,Raj,1988-08-01,Female,Chennai,Student,414003
1400,Advika,Saran,1985-07-17,Male,Hyderabad,Teacher,2016644
1401,Ryan,Chaudry,1991-03-10,Male,Bangalore,Accountant,358301
1402,Kabir,Kala,1958-04-19,Male,Ahmedabad,Software Engineer,303723
1403,Vanya,Kala,2002-05-13,Male,Chennai,Doctor,1393941
1404,Indrajit,Ravel,1979-02-24,Male,Kolkata,Software Engineer,1058724
1405,Quincy,Doctor,1998-10-04,Male,Pune,Lawyer,2907924
1406,Anthony,Mohanty,1979-05-17,Male,Ahmedabad,Lawyer,1758906
1407,Yashodhara,Chadha,2005-07-22,Male,Chennai,Doctor,2207726
1408,Sara,Dyal,1959-04-04,Male,Chennai,Civil Engineer,1181491
1409,Faqid,Issac,1994-02-26,Male,Bangalore,Business Owner,552598
1410,Ikbal,Soman,1996-03-24,Male,Bangalore,Software Engineer,1102134
1411,Lakshit,Chand,1956-10-29,Female,Ahmedabad,Civil Engineer,2881379
1412,Balvan,Kumar,1977-06-15,Female,Chennai,Sales Executive,2550851
1413,Sarthak,Bhagat,1967-07-20,Female,Chennai,Lawyer,1712870
1414,Maya,Buch,1992-04-30,Female,Bangalore,Teacher,339524
1415,Yoshita,Gade,2003-02-25,Female,Pune,Lawyer,2956314
1416,Arjun,Walla,2000-04-09,Female,Chennai,Accountant,960609
1417,Saumya,Kala,1993-10-09,Male,Hyderabad,Software Engineer,2827503
1418,Xiti,Rattan,1960-03-03,Male,Mumbai,Business Owner,2615095
1419,Urishilla,Srinivas,1975-04-10,Female,Chennai,Accountant,1203464
1420,Udyati,Mane,1980-03-03,Female,Hyderabad,Software Engineer,680066
1421,Chandran,Savant,1966-06-25,Female,Ahmedabad,Lawyer,1771741
1422,Samarth,Sethi,1977-04-27,Female,Pune,Sales Executive,1015768
1423,Urvashi,Handa,1999-05-28,Female,Delhi,Business Owner,635235
1424,Forum,Nath,1985-09-27,Male,Delhi,Accountant,2213294
1425,Nidra,Sami,1960-03-07,Male,Chennai,Lawyer,770999
1426,Harsh,Mangal,1962-11-23,Male,Mumbai,Sales Executive,1329695
1427,Shivani,Mander,2005-11-30,Female,Pune,Doctor,702817
1428,Deepa,Nadkarni,1996-03-22,Female,Hyderabad,Doctor,2418667
1429,Jagrati,Dash,1982-02-06,Male,Pune,Teacher,2984075
1430,Yashoda,Handa,1971-09-14,Male,Mumbai,Lawyer,2794335
1431,Vanya,Mutti,1996-01-07,Female,Chennai,Accountant,2919392
1432,Nirja,Sha,1987-02-14,Female,Bangalore,Software Engineer,645655
1433,Diya,Trivedi,1956-07-27,Female,Mumbai,Software Engineer,2438771
1434,Orinder,Guha,1966-11-10,Female,Ahmedabad,Teacher,1314534
1435,Laban,Gill,1970-01-17,Female,Kolkata,Student,1651867
1436,Ikbal,Barman,1983-12-14,Male,Kolkata,Accountant,2091597
1437,Zarna,Tella,1962-11-14,Male,Ahmedabad,Student,452098
1438,Finn,Iyengar,1991-06-03,Male,Delhi,Doctor,2103977
1439,Waida,Deshmukh,1985-07-28,Female,Chennai,Doctor,865662
1440,Lekha,Subramanian,2004-01-02,Female,Pune,Civil Engineer,2202945
1441,Inaya,Chauhan,1982-12-05,Male,Bangalore,Accountant,685908
1442,Hemang,Soni,1989-11-15,Male,Mumbai,Business Owner,2525376
1443,Daniel,Konda,1957-03-24,Female,Delhi,Sales Executive,2592577
1444,Amara,Dutt,1965-02-05,Male,Pune,Doctor,2866047
1445,Faqid,Majumdar,1956-05-26,Male,Pune,Sales Executive,808188
1446,Chakradhar,Hans,1970-02-26,Male,Mumbai,Lawyer,502698
1447,Indrajit,Chaudhuri,1984-07-29,Male,Bangalore,Accountant,1376271
1448,Logan,Barad,1979-09-20,Female,Ahmedabad,Student,756938
1449,Banjeet,Varghese,1995-06-06,Male,Bangalore,Software Engineer,1834150
1450,Indali,Sodhi,1976-01-24,Female,Chennai,Lawyer,2026267
1451,Mohini,Varma,1980-04-26,Female,Chennai,Sales Executive,1184640
1452,Sanaya,Dey,1970-09-29,Female,Kolkata,Doctor,2432924
1453,Qushi,Ramesh,1959-06-04,Male,Bangalore,Business Owner,2411692
1454,Oni,Gole,1973-09-17,Male,Chennai,Civil Engineer,2727086
1455,Sara,Muni,1994-03-27,Female,Pune,Student,2999629
1456,Vedhika,Sarin,1966-06-26,Female,Bangalore,Lawyer,1409946
1457,Tarak,Merchant,1985-02-25,Male,Chennai,Doctor,2361133
1458,Yagnesh,Shere,2001-06-13,Male,Pune,Civil Engineer,1351750
1459,Caleb,Sarraf,1972-02-14,Male,Ahmedabad,Civil Engineer,365183
1460,Charita,Bali,1957-09-05,Male,Hyderabad,Sales Executive,2318490
1461,Christopher,Koshy,1990-09-10,Female,Bangalore,Student,1077939
1462,Rayaan,Bali,1967-09-03,Female,Bangalore,Teacher,622637
1463,Wahab,Oak,1995-09-17,Male,Delhi,Business Owner,1218438
1464,Ekantika,Sangha,2004-03-04,Male,Chennai,Lawyer,1233888
1465,Damini,Hora,2001-06-15,Female,Pune,Sales Executive,635471
1466,Nakul,Vala,1966-08-17,Male,Ahmedabad,Teacher,1837374
1467,Matthew,Manda,1976-11-13,Male,Hyderabad,Doctor,2157571
1468,Frederick,Purohit,1958-03-08,Female,Mumbai,Teacher,604688
1469,Dhriti,Barad,1973-11-05,Male,Delhi,Teacher,1561717
1470,Amara,Raman,1988-12-08,Male,Bangalore,Doctor,1837380
1471,Udyati,Puri,1995-01-04,Female,Ahmedabad,Accountant,1000848
1472,Advik,Pandya,1967-12-04,Female,Pune,Lawyer,2661613
1473,Pavani,Peri,1977-03-31,Female,Bangalore,Software Engineer,1150615
1474,Wyatt,Rout,1989-05-29,Male,Hyderabad,Sales Executive,2980626
1475,Ishanvi,De,2000-07-16,Male,Delhi,Software Engineer,1259766
1476,Yochana,Nagar,2006-08-26,Female,Hyderabad,Doctor,311147
1477,Idika,Tank,1968-11-10,Male,Pune,Civil Engineer,2481425
1478,Chanchal,Naidu,1991-07-12,Male,Ahmedabad,Doctor,2299374
1479,Yochana,Dua,1982-04-12,Female,Kolkata,Doctor,971973
1480,Samaksh,Aggarwal,1963-06-01,Female,Ahmedabad,Software Engineer,701155
1481,Yagnesh,Sachdev,1974-05-03,Male,Mumbai,Student,412516
1482,Peter,Chander,1996-01-12,Female,Hyderabad,Civil Engineer,1342183
1483,Udarsh,Bala,1997-11-12,Male,Bangalore,Lawyer,2293891
1484,Victor,Bava,1963-09-08,Female,Hyderabad,Software Engineer,1944877
1485,Jasmit,Balasubramanian,2001-11-12,Female,Hyderabad,Student,1833701
1486,Adya,Walla,1996-09-10,Female,Bangalore,Doctor,321341
1487,Jagvi,Shukla,2002-07-02,Female,Chennai,Accountant,679275
1488,Vivaan,Mallick,1957-11-17,Male,Mumbai,Civil Engineer,2927504
1489,Vedant,Patla,1994-05-19,Female,Pune,Student,2111072
1490,Fitan,Dutt,1970-07-22,Male,Mumbai,Lawyer,823597
1491,Aarnav,Panchal,1982-03-15,Female,Delhi,Business Owner,2288156
1492,Rajeshri,Madan,1971-08-12,Female,Mumbai,Civil Engineer,2895326
1493,Qasim,Vaidya,1975-12-02,Male,Kolkata,Student,2166993
1494,Neel,Pillai,1971-11-15,Male,Mumbai,Business Owner,395617
1495,Guneet,Ramesh,1985-09-02,Male,Mumbai,Accountant,2112624
1496,Mohammed,Pant,1992-07-20,Male,Hyderabad,Accountant,886238
1497,Oliver,Sane,1995-11-26,Female,Kolkata,Doctor,711590
1498,Zashil,Wali,2002-11-13,Male,Chennai,Accountant,1174611
1499,Samarth,Divan,1958-06-10,Male,Delhi,Teacher,2036016
1500,Baljiwan,Goda,1975-07-21,Male,Chennai,Lawyer,2386248
1501,Advay,Dar,1996-07-05,Female,Pune,Software Engineer,1373840
1502,Rushil,Krishnamurthy,1959-06-11,Female,Mumbai,Teacher,628678
1503,Aditya,Borah,1999-01-19,Female,Pune,Civil Engineer,2250708
1504,Varenya,Sarraf,1966-08-09,Male,Bangalore,Student,881903
1505,Zashil,Tella,1963-12-07,Female,Ahmedabad,Software Engineer,890021
1506,Baghyawati,Aurora,2004-09-29,Male,Chennai,Software Engineer,2155377
1507,Jairaj,Joshi,1992-06-11,Male,Bangalore,Doctor,2448821
1508,Chaitaly,Manda,2008-02-05,Female,Kolkata,Software Engineer,322091
1509,Ethan,Maharaj,1967-03-15,Female,Hyderabad,Civil Engineer,1400403
1510,Harinakshi,Shan,2005-06-07,Male,Chennai,Doctor,707152
1511,Ishanvi,Kashyap,1961-08-24,Male,Ahmedabad,Civil Engineer,682186
1512,Dalaja,Biswas,1984-09-21,Female,Chennai,Accountant,1198335
1513,Qadim,Lad,1969-09-23,Female,Hyderabad,Student,2737868
1514,Frederick,Sanghvi,1998-02-28,Male,Chennai,Teacher,1465728
1515,Abhimanyu,Sidhu,1984-05-22,Male,Bangalore,Civil Engineer,1203681
1516,Zayyan,Chahal,1987-03-10,Female,Chennai,Doctor,2563165
1517,Yadavi,Sahni,1997-10-14,Female,Delhi,Civil Engineer,812166
1518,Gunbir,Nori,1975-08-08,Male,Ahmedabad,Software Engineer,1605379
1519,Priya,Goswami,2001-05-25,Female,Ahmedabad,Lawyer,1737529
1520,Manya,Luthra,1970-06-19,Female,Mumbai,Lawyer,373632
1521,Bishakha,Narain,1996-02-17,Female,Pune,Lawyer,2611161
1522,Vihaan,Saraf,1977-09-10,Male,Kolkata,Lawyer,1067179
1523,Ojas,Kaur,1969-03-17,Female,Bangalore,Student,1001538
1524,Saumya,Kaur,2003-01-01,Female,Hyderabad,Civil Engineer,2882928
1525,Shravya,Sodhi,1956-03-31,Female,Delhi,Lawyer,2580501
1526,Warinder,Natarajan,1955-12-28,Male,Kolkata,Sales Executive,1475932
1527,Balhaar,Apte,2002-10-31,Female,Hyderabad,Lawyer,722264
1528,Avi,Chowdhury,1993-04-09,Male,Chennai,Sales Executive,936316
1529,Gaurav,Konda,1984-08-19,Male,Hyderabad,Lawyer,2976658
1530,Luke,Joshi,1962-03-31,Female,Delhi,Teacher,2471063
1531,Urishilla,Mand,1993-02-10,Female,Ahmedabad,Doctor,2185027
1532,Hamsini,Pai,1983-10-10,Female,Hyderabad,Civil Engineer,1798780
1533,Hemani,Lad,1994-12-28,Female,Hyderabad,Teacher,2965320
1534,Rishi,Setty,1990-12-14,Female,Pune,Sales Executive,2413772
1535,Charles,Mohanty,1979-11-04,Female,Mumbai,Accountant,973401
1536,Krisha,Gulati,1971-05-22,Male,Bangalore,Civil Engineer,1856797
1537,Matthew,Kaur,1985-04-08,Female,Bangalore,Teacher,1323795
1538,Vasudha,Bahri,1998-10-31,Male,Pune,Business Owner,485154
1539,Tara,Warrior,1971-09-12,Male,Ahmedabad,Software Engineer,565390
1540,Bhavani,De,2005-08-03,Female,Hyderabad,Doctor,897296
1541,Bakhshi,Parsa,2001-02-01,Female,Chennai,Sales Executive,1296814
1542,Gayathri,Wason,1995-12-05,Male,Hyderabad,Doctor,595448
1543,Prisha,Pandit,1965-06-18,Female,Delhi,Student,2228341
1544,Veda,Rout,2003-03-20,Male,Chennai,Civil Engineer,810437
1545,Qarin,Rattan,1970-12-09,Female,Ahmedabad,Student,2305151
1546,Zarna,Banik,1987-10-10,Female,Chennai,Software Engineer,2408565
1547,Gaurangi,Wable,1981-11-17,Female,Kolkata,Sales Executive,2128148
1548,Naveen,Kaul,1990-05-26,Male,Mumbai,Accountant,2085860
1549,Baljiwan,Modi,1996-07-05,Male,Kolkata,Software Engineer,1560245
1550,Anjali,Butala,1966-06-26,Male,Hyderabad,Software Engineer,652050
1551,Diya,Bajwa,1971-08-17,Female,Bangalore,Student,1879070
1552,Urishilla,Jhaveri,2005-09-13,Female,Pune,Software Engineer,575389
1553,Vedant,Balasubramanian,2006-05-13,Male,Kolkata,Civil Engineer,898013
1554,Harini,Brar,1971-11-07,Male,Delhi,Teacher,1106264
1555,Reyansh,Solanki,1976-06-25,Female,Bangalore,Teacher,2868029
1556,Maanas,Rout,1958-11-01,Female,Delhi,Business Owner,1802188
1557,Zehaan,Balasubramanian,1961-05-21,Male,Ahmedabad,Teacher,323513
1558,Indira,Garg,1997-06-27,Male,Chennai,Accountant,2042897
1559,Garima,Sodhi,1965-12-12,Female,Kolkata,Student,1018650
1560,Bahadurjit,Dalal,1971-06-12,Male,Bangalore,Lawyer,1944272
1561,Leena,Misra,1997-03-30,Female,Delhi,Lawyer,2151231
1562,Prisha,Mangal,1973-10-06,Male,Hyderabad,Teacher,350542
1563,Xavier,Jayaraman,1980-07-26,Male,Chennai,Doctor,945885
1564,Ekanta,Ganesh,1975-03-08,Male,Bangalore,Business Owner,2618918
1565,Sachi,Datta,1972-10-08,Female,Chennai,Software Engineer,2806022
1566,Yug,Tak,2006-01-20,Male,Ahmedabad,Sales Executive,1669962
1567,Vincent,Garg,1965-11-25,Male,Mumbai,Accountant,559823
1568,Bhavani,Palla,1998-03-30,Male,Pune,Civil Engineer,1723968
1569,Advay,Gokhale,1955-10-18,Female,Mumbai,Teacher,603506
1570,Gunbir,Doctor,2006-11-02,Female,Chennai,Sales Executive,2514637
1571,Chaaya,Jaggi,1975-01-07,Female,Mumbai,Doctor,2325711
1572,Bachittar,Loke,1994-05-23,Female,Ahmedabad,Student,2660501
1573,Daksha,Sodhi,1971-05-23,Male,Mumbai,Accountant,1324224
1574,Meghana,Anne,1993-02-02,Male,Mumbai,Civil Engineer,979988
1575,Aayush,Contractor,1958-11-19,Female,Chennai,Lawyer,1383638
1576,Vinaya,Barman,1956-10-19,Female,Pune,Accountant,372700
1577,Rajata,Dalal,1992-07-18,Female,Kolkata,Business Owner,2523184
1578,Caleb,Tailor,1999-03-28,Male,Kolkata,Sales Executive,1384462
1579,Chaaya,Goswami,2003-09-23,Female,Ahmedabad,Teacher,1865612
1580,Oliver,Balay,1974-02-13,Male,Bangalore,Civil Engineer,1202562
1581,Ganga,Parekh,2007-06-07,Female,Mumbai,Sales Executive,1978725
1582,Vanya,Bail,1989-09-28,Male,Delhi,Accountant,1028936
1583,Kalpit,Bhalla,1971-01-06,Female,Pune,Business Owner,2843311
1584,Hema,Muni,1967-02-27,Male,Hyderabad,Business Owner,414330
1585,Tanvi,Sethi,1959-03-02,Female,Kolkata,Business Owner,1946004
1586,Vansha,Ganguly,1998-08-07,Female,Hyderabad,Doctor,2734763
1587,Ojas,Pal,1957-01-07,Male,Chennai,Student,976380
1588,Rohan,Khalsa,1986-06-10,Female,Kolkata,Civil Engineer,2019463
1589,Xavier,Jani,1992-01-13,Female,Mumbai,Civil Engineer,433253
1590,Pallavi,Gara,1972-01-22,Male,Hyderabad,Lawyer,1937923
1591,Jeet,Ganguly,2002-11-23,Male,Hyderabad,Software Engineer,1746276
1592,Frado,Dugar,1961-03-20,Female,Delhi,Lawyer,1417476
1593,Qasim,Parmar,1975-05-23,Male,Chennai,Sales Executive,1742400
1594,Teerth,Narang,1974-03-29,Female,Bangalore,Accountant,2955293
1595,Leela,Vig,1984-02-18,Female,Kolkata,Teacher,1056783
1596,Eshana,Babu,1966-08-05,Male,Pune,Doctor,2407878
1597,Dakshesh,Hegde,1966-08-22,Male,Kolkata,Business Owner,799320
1598,Aarnav,Lata,1975-11-26,Female,Chennai,Lawyer,2710548
1599,Shravya,Mitra,1962-10-12,Male,Hyderabad,Accountant,1244711
1600,Jeet,Dhaliwal,1977-07-13,Female,Bangalore,Software Engineer,1003253
1601,Aachal,Chad,1986-05-10,Male,Pune,Sales Executive,1306407
1602,Manya,Ravel,1993-03-11,Female,Delhi,Sales Executive,352348
1603,Vritti,Saxena,1974-12-17,Female,Pune,Teacher,320831
1604,Nitara,Sankar,1980-05-14,Male,Chennai,Sales Executive,790293
1605,Ekbal,Anne,1975-06-25,Male,Ahmedabad,Teacher,1684507
1606,Januja,Kade,1986-03-20,Female,Pune,Teacher,2441537
1607,Warda,Bakshi,1980-06-18,Male,Pune,Sales Executive,702090
1608,Qadim,Ram,1967-02-07,Female,Mumbai,Teacher,2201536
1609,Praneel,Bali,1992-04-14,Male,Ahmedabad,Lawyer,324360
1610,Chakradev,Mangat,1961-04-13,Female,Mumbai,Business Owner,2738104
1611,Yoshita,Jani,1957-05-25,Male,Pune,Lawyer,742589
1612,Balvan,Parmer,2001-09-01,Male,Ahmedabad,Doctor,2960700
1613,Darika,Ravel,1982-11-29,Male,Ahmedabad,Lawyer,2649527
1614,Isha,Bali,1989-06-10,Male,Pune,Teacher,543230
1615,Ishani,Dora,1963-05-31,Female,Hyderabad,Sales Executive,2653166
1616,Frederick,Misra,1957-08-11,Male,Bangalore,Student,1052543
1617,Yagnesh,Naik,1970-11-03,Female,Delhi,Doctor,2154566
1618,Saanvi,Keer,1968-06-12,Female,Delhi,Sales Executive,806251
1619,Rehaan,Khosla,1995-03-02,Male,Ahmedabad,Civil Engineer,2964876
1620,Saanvi,Sama,1986-08-06,Male,Kolkata,Lawyer,1639265
1621,Charita,Thaker,1996-04-07,Female,Bangalore,Lawyer,2677005
1622,Bahadurjit,Nazareth,1968-10-09,Male,Delhi,Software Engineer,1333070
1623,Yagnesh,Behl,1998-11-03,Male,Mumbai,Business Owner,393712
1624,Odika,Hayer,1995-02-19,Female,Kolkata,Software Engineer,1310178
1625,Nathan,Palla,1991-04-01,Male,Kolkata,Civil Engineer,2513486
1626,Chaman,Walla,1995-09-23,Female,Delhi,Student,2675131
1627,Nidra,Basu,1983-02-10,Male,Ahmedabad,Business Owner,923927
1628,Gaurangi,Pal,2000-10-23,Female,Delhi,Student,1594588
1629,Kevin,Sahni,1964-02-05,Female,Mumbai,Business Owner,2578223
1630,Mugdha,Gopal,1958-01-05,Female,Kolkata,Accountant,983603
1631,Vansha,Sheth,1971-08-28,Female,Hyderabad,Accountant,1728000
1632,Gaurangi,Warrior,1957-04-14,Female,Kolkata,Software Engineer,1195757
1633,Ekalinga,Bains,1984-04-12,Male,Hyderabad,Civil Engineer,1444157
1634,Dalbir,Anne,2004-12-28,Female,Mumbai,Civil Engineer,1985052
1635,Nilima,Wali,1981-04-08,Male,Delhi,Sales Executive,706895
1636,Janya,Tata,2003-07-26,Female,Delhi,Teacher,1775385
1637,Leena,Doctor,1993-06-10,Female,Hyderabad,Civil Engineer,1965720
1638,Krisha,Solanki,1959-03-17,Male,Mumbai,Doctor,2734639
1639,Lohit,Bhandari,1971-11-10,Male,Kolkata,Civil Engineer,2212302
1640,Jagat,Cherian,1984-09-25,Female,Delhi,Doctor,772749
1641,Nathaniel,Kumar,2006-02-14,Female,Kolkata,Accountant,831703
1642,Vasudha,Bhatnagar,2005-03-12,Male,Pune,Civil Engineer,1074727
1643,Saksham,Balay,1996-08-16,Female,Bangalore,Accountant,780837
1644,Leela,Golla,2006-02-03,Male,Hyderabad,Doctor,2878850
1645,Sachi,Srinivasan,1961-05-26,Female,Kolkata,Doctor,2739491
1646,Jagat,Mandal,1983-05-22,Male,Pune,Student,1558151
1647,Nilima,Patil,1993-12-29,Male,Mumbai,Student,2881841
1648,Maanas,Pandya,2003-06-13,Male,Pune,Student,1638179
1649,Faraj,Raju,1977-12-05,Male,Kolkata,Lawyer,862282
1650,Wakeeta,Mander,1994-10-31,Female,Ahmedabad,Lawyer,2951085
1651,Pratyush,Basu,1963-03-30,Male,Hyderabad,Civil Engineer,337042
1652,Aadi,Chaudhary,1960-02-06,Female,Mumbai,Doctor,959436
1653,Agastya,Morar,1964-09-16,Male,Hyderabad,Student,2824714
1654,Tanish,Bali,1966-04-05,Female,Ahmedabad,Lawyer,1898327
1655,Dhruv,Kulkarni,1983-02-28,Female,Bangalore,Business Owner,587784
1656,Vedant,Lad,1972-09-02,Female,Ahmedabad,Civil Engineer,2477835
1657,Samaksh,Toor,1990-12-30,Male,Ahmedabad,Business Owner,2286100
1658,Onveer,Sant,1981-06-05,Male,Chennai,Accountant,590776
1659,Jagdish,Mallick,1985-07-04,Female,Mumbai,Doctor,2998753
1660,Devika,Mukherjee,1963-12-18,Female,Bangalore,Sales Executive,2396166
1661,Tarak,Mukherjee,2003-09-23,Female,Kolkata,Civil Engineer,2332651
1662,Veer,Goyal,1992-06-20,Male,Bangalore,Teacher,406728
1663,Adweta,Kalita,1981-07-08,Female,Hyderabad,Lawyer,2254891
1664,Harrison,Gill,1995-01-11,Female,Chennai,Software Engineer,1409331
1665,Lekha,Parikh,2001-07-31,Male,Ahmedabad,Civil Engineer,1854969
1666,Isaac,Choudhry,1971-12-24,Female,Bangalore,Business Owner,1617713
1667,Thomas,Mandal,1963-06-03,Male,Delhi,Student,2330290
1668,Atharv,Guha,1997-12-08,Female,Delhi,Business Owner,2033876
1669,Gautam,Chaudry,1973-09-22,Female,Pune,Civil Engineer,2711473
1670,Mason,Goda,1995-02-22,Female,Chennai,Civil Engineer,2253170
1671,Upma,Ravel,1957-06-06,Male,Mumbai,Civil Engineer,863342
1672,Aachal,Murty,1979-10-28,Male,Bangalore,Lawyer,690595
1673,Xavier,Arora,1995-07-04,Female,Kolkata,Teacher,2533062
1674,Nachiket,Rau,1978-07-07,Male,Pune,Sales Executive,1934158
1675,Bhavna,Agarwal,1968-08-20,Male,Chennai,Accountant,850678
1676,Zayyan,Gala,1960-10-10,Male,Chennai,Sales Executive,2688447
1677,Aradhana,Parmar,1991-09-23,Male,Mumbai,Business Owner,769205
1678,Urvashi,Borra,1980-10-29,Male,Delhi,Software Engineer,694424
1679,Aarush,Kanda,1992-02-14,Female,Chennai,Civil Engineer,2445961
1680,Adya,Dugar,1959-04-20,Male,Pune,Civil Engineer,1050759
1681,Mitesh,Raghavan,1972-03-24,Female,Hyderabad,Software Engineer,2574904
1682,Tristan,Kaur,1963-04-29,Male,Kolkata,Lawyer,936257
1683,Megha,Sule,1995-07-01,Male,Ahmedabad,Business Owner,2058567
1684,Darpan,Setty,1976-01-22,Female,Hyderabad,Software Engineer,2361485
1685,Patrick,Memon,1966-07-20,Male,Hyderabad,Sales Executive,794450
1686,Tanay,Dugar,1964-01-02,Male,Mumbai,Civil Engineer,645760
1687,Chakradhar,Sandhu,1986-02-16,Female,Delhi,Doctor,465576
1688,Mitesh,Kannan,2006-05-03,Male,Chennai,Doctor,1176501
1689,Brijesh,Sagar,2001-01-06,Male,Mumbai,Doctor,2962754
1690,Siya,Buch,1997-08-03,Female,Pune,Doctor,472819
1691,Hemang,Khalsa,1972-08-15,Female,Ahmedabad,Sales Executive,2943904
1692,Chakrika,Srivastava,1988-12-23,Female,Bangalore,Doctor,611411
1693,Forum,Mukhopadhyay,1989-03-23,Male,Kolkata,Sales Executive,1709862
1694,Jasmit,Sami,1999-06-22,Female,Bangalore,Sales Executive,1063049
1695,Jonathan,Magar,1967-04-11,Male,Hyderabad,Doctor,700521
1696,Vrishti,Borde,1961-02-21,Male,Mumbai,Civil Engineer,1885665
1697,Lavanya,Chaudhari,1966-06-06,Female,Hyderabad,Sales Executive,1908675
1698,Bimala,Gala,2004-03-22,Female,Mumbai,Student,1165023
1699,Anjali,Chandra,2003-10-05,Female,Chennai,Accountant,1247561
1700,Rajeshri,Kaur,1982-06-01,Female,Chennai,Business Owner,2525325
1701,Advaith,Lad,2008-05-07,Male,Chennai,Software Engineer,2676143
1702,Banjeet,Chadha,2007-06-27,Male,Kolkata,Teacher,2477734
1703,Balvan,Ray,1979-07-03,Male,Hyderabad,Sales Executive,2650257
1704,Shivani,Shetty,1998-04-27,Female,Mumbai,Student,433565
1705,Ojas,Kara,1978-03-26,Male,Pune,Sales Executive,2137580
1706,Ishani,Sachdeva,1998-02-23,Female,Bangalore,Lawyer,717725
1707,Meera,Nair,1995-10-15,Male,Mumbai,Sales Executive,769447
1708,Manthan,Pai,1969-11-26,Male,Delhi,Doctor,2338100
1709,Warda,Dubey,1981-10-06,Male,Delhi,Teacher,2760797
1710,Dominic,Sawhney,2006-09-11,Male,Chennai,Software Engineer,2682863
1711,Nandini,Bassi,1979-08-19,Female,Pune,Sales Executive,1994800
1712,Harinakshi,Rout,1959-12-10,Female,Mumbai,Accountant,2589241
1713,Upadhriti,Balakrishnan,1971-05-18,Female,Delhi,Doctor,1620241
1714,Vyanjana,Bal,1985-11-28,Female,Mumbai,Student,2544332
1715,Elijah,Pai,2003-09-06,Male,Ahmedabad,Software Engineer,953281
1716,Nicholas,Bose,1962-01-19,Male,Delhi,Civil Engineer,1879187
1717,Yuvraj,Wagle,2005-04-10,Male,Chennai,Software Engineer,950319
1718,Utkarsh,Mandal,2004-11-07,Male,Pune,Doctor,2533632
1719,Sanaya,Sarma,1973-07-27,Female,Hyderabad,Lawyer,2195152
1720,Ekiya,Rai,1964-09-19,Female,Delhi,Student,2939943
1721,Sachi,Chaudhry,1989-11-21,Male,Hyderabad,Sales Executive,1856694
1722,Harinakshi,Chawla,1983-07-21,Female,Mumbai,Student,1774672
1723,Vanya,Ray,1994-07-01,Female,Mumbai,Student,454783
1724,Bhavya,Wali,1983-05-05,Female,Mumbai,Civil Engineer,1726496
1725,Imaran,Biswas,2004-10-22,Male,Delhi,Lawyer,614168
1726,Baljiwan,Saini,1962-01-09,Male,Delhi,Lawyer,1453768
1727,Tejas,Pillay,1985-03-03,Male,Ahmedabad,Accountant,1546336
1728,Warda,Jain,1972-02-01,Male,Kolkata,Doctor,909323
1729,Turvi,Chakrabarti,1995-06-02,Female,Pune,Doctor,1335507
1730,Eiravati,Patel,2007-03-21,Male,Chennai,Lawyer,2349700
1731,Zilmil,Sawhney,1967-04-02,Female,Bangalore,Student,2857482
1732,Vasatika,Karpe,1997-12-16,Male,Mumbai,Student,1015588
1733,Wriddhish,Hora,1961-04-01,Male,Hyderabad,Business Owner,615765
1734,Anjali,Malhotra,1994-05-26,Female,Chennai,Lawyer,1050536
1735,Urishilla,Basak,2005-10-01,Female,Chennai,Sales Executive,2646270
1736,George,Ram,1958-07-30,Male,Hyderabad,Accountant,1898321
1737,Isaac,Shah,2008-04-16,Male,Chennai,Software Engineer,2063270
1738,Charvi,Mukherjee,1955-10-07,Male,Chennai,Civil Engineer,931445
1739,Imaran,Dhar,1996-09-26,Male,Ahmedabad,Civil Engineer,1791466
1740,Idika,Swaminathan,2005-09-20,Male,Bangalore,Teacher,2594598
1741,Manthan,Dhingra,1997-01-05,Female,Ahmedabad,Accountant,1517708
1742,Panini,Tiwari,2007-03-13,Female,Kolkata,Doctor,1932805
1743,Tanish,Wali,2007-02-15,Male,Pune,Civil Engineer,2332394
1744,Yatan,Gara,1975-04-20,Female,Mumbai,Accountant,374437
1745,Sanaya,Palla,1999-01-23,Male,Kolkata,Sales Executive,2980289
1746,Pooja,Iyengar,1991-01-28,Male,Hyderabad,Civil Engineer,2160355
1747,Ria,Mand,1996-01-15,Female,Ahmedabad,Student,2882902
1748,Shaurya,Shukla,1960-05-21,Male,Kolkata,Software Engineer,2657174
1749,Anmol,Brahmbhatt,1994-11-29,Female,Chennai,Lawyer,1308674
1750,Meera,Wason,1998-10-26,Male,Chennai,Software Engineer,2531442
1751,Kashish,Lad,1990-07-17,Male,Mumbai,Lawyer,1872942
1752,Maya,Bal,1997-12-13,Female,Ahmedabad,Doctor,2193187
1753,Veda,Mane,1989-07-14,Female,Bangalore,Teacher,2100861
1754,Bhanumati,Halder,1979-10-11,Female,Bangalore,Civil Engineer,2488588
1755,Nihal,Raja,1966-01-18,Female,Chennai,Civil Engineer,1586423
1756,Sanya,Parmar,2004-10-30,Female,Pune,Lawyer,2389613
1757,Siya,Sem,1966-03-28,Female,Mumbai,Software Engineer,904085
1758,Turvi,Kibe,1964-06-22,Male,Mumbai,Accountant,2389941
1759,Chameli,Iyengar,1972-10-22,Female,Mumbai,Student,1807379
1760,Arin,Tara,2004-08-18,Male,Mumbai,Teacher,1335679
1761,Jacob,Narasimhan,2005-02-25,Female,Kolkata,Accountant,1307979
1762,Rishi,Mall,1959-02-13,Male,Bangalore,Student,1351988
1763,Nimrat,Jha,1993-01-22,Male,Chennai,Lawyer,1015244
1764,Yatan,Chaudry,2001-08-26,Female,Hyderabad,Teacher,2643493
1765,Baghyawati,Seshadri,2008-02-07,Male,Chennai,Business Owner,631095
1766,Bhavani,Oak,1997-03-13,Male,Pune,Accountant,2055185
1767,Nihal,Date,1966-12-15,Male,Mumbai,Civil Engineer,2519113
1768,Neelima,More,1967-05-30,Male,Mumbai,Sales Executive,1267741
1769,Sudiksha,Char,1994-12-28,Female,Mumbai,Doctor,982279
1770,Mitali,Basak,1979-03-17,Male,Ahmedabad,Accountant,2003662
1771,Abha,Sarraf,1994-10-19,Male,Hyderabad,Accountant,1159313
1772,Ekantika,Dar,1987-09-25,Female,Mumbai,Software Engineer,1831264
1773,Umang,Dua,2007-07-12,Female,Ahmedabad,Sales Executive,2123379
1774,Benjamin,Varty,2007-06-16,Female,Mumbai,Accountant,747794
1775,Ishani,Baral,1986-10-17,Male,Kolkata,Lawyer,2250314
1776,Pahal,Shan,1981-06-15,Male,Ahmedabad,Doctor,1052830
1777,Harita,Rao,1994-09-17,Female,Kolkata,Sales Executive,1111013
1778,Fiyaz,Sane,1991-08-11,Male,Chennai,Software Engineer,2880016
1779,Champak,Roy,1992-09-29,Male,Pune,Doctor,1275138
1780,Avni,Dass,2006-07-19,Male,Pune,Doctor,1413110
1781,Forum,Nadkarni,1987-03-23,Female,Chennai,Software Engineer,343104
1782,Gavin,Bhattacharyya,1997-01-19,Male,Hyderabad,Student,331002
1783,Wishi,Seshadri,1958-05-18,Female,Kolkata,Student,2986904
1784,Advika,Ramaswamy,1983-01-09,Male,Ahmedabad,Sales Executive,1813240
1785,Lavanya,Kara,1984-08-12,Male,Hyderabad,Business Owner,1837710
1786,Omisha,Sur,1984-08-05,Female,Mumbai,Lawyer,1485024
1787,Aarnav,Kale,1995-06-01,Male,Chennai,Civil Engineer,884104
1788,Samuel,Palla,1993-02-10,Male,Pune,Student,2752452
1789,Agastya,Pant,1986-12-11,Male,Bangalore,Student,432605
1790,Meera,Madan,1961-11-18,Male,Mumbai,Student,343430
1791,Laksh,Wadhwa,1961-04-01,Female,Hyderabad,Civil Engineer,1485342
1792,Irya,Brar,1970-04-20,Female,Kolkata,Teacher,1106776
1793,Vamakshi,Bala,1987-04-11,Female,Chennai,Doctor,888198
1794,Nitesh,Bath,2002-04-21,Male,Hyderabad,Business Owner,771784
1795,Indrajit,Chopra,2004-05-27,Male,Delhi,Student,1715241
1796,Bahadurjit,Mall,1996-06-26,Female,Pune,Lawyer,2472504
1797,Jason,Raghavan,1968-05-27,Female,Pune,Business Owner,1417416
1798,Aradhana,Kurian,1980-12-11,Male,Pune,Software Engineer,2327923
1799,Oni,Edwin,2007-08-17,Female,Bangalore,Software Engineer,2800710
1800,Hiral,Bedi,1988-11-27,Male,Ahmedabad,Accountant,2253187
1801,Mohammed,Shan,2003-03-01,Female,Ahmedabad,Civil Engineer,1729478
1802,Rachana,Magar,2002-11-17,Female,Bangalore,Sales Executive,683199
1803,Chavvi,Raju,1966-02-09,Female,Kolkata,Student,2984627
1804,Nitara,Natt,1962-07-29,Male,Bangalore,Accountant,1467832
1805,Harita,Mammen,1961-10-02,Male,Bangalore,Student,1474985
1806,Mitali,Luthra,1999-10-18,Male,Mumbai,Teacher,2931734
1807,Nimrat,Uppal,1961-08-30,Male,Chennai,Student,1048269
1808,Aarav,Narayan,2001-05-31,Male,Hyderabad,Civil Engineer,1013404
1809,Chanakya,Sehgal,1991-06-26,Female,Pune,Teacher,1224253
1810,Warhi,Chandra,1998-12-23,Male,Mumbai,Civil Engineer,1768173
1811,Gopal,Mander,1994-07-22,Male,Kolkata,Student,1388983
1812,Saksham,Gole,2007-09-09,Male,Mumbai,Civil Engineer,1477122
1813,Fitan,Shetty,1999-04-28,Female,Hyderabad,Accountant,1292808
1814,Unnati,Oak,1973-05-02,Female,Delhi,Teacher,1625101
1815,Sneha,Sachdev,2000-12-28,Female,Mumbai,Lawyer,2566079
1816,Balvan,Nair,2003-02-22,Male,Kolkata,Lawyer,2624392
1817,Hemang,Khalsa,1970-07-24,Male,Ahmedabad,Teacher,2018601
1818,Turvi,Karpe,1979-02-11,Female,Kolkata,Civil Engineer,637482
1819,Christopher,Bhargava,1989-04-18,Female,Ahmedabad,Doctor,319497
1820,Lakshmi,Bava,1995-10-26,Male,Pune,Doctor,485580
1821,Nandini,Sama,1965-05-25,Male,Hyderabad,Lawyer,2510216
1822,Isaac,Srivastava,1979-05-03,Male,Mumbai,Civil Engineer,1578565
1823,Zayan,Dora,1991-03-17,Male,Pune,Student,2803857
1824,Tara,Jhaveri,1991-08-22,Female,Hyderabad,Doctor,529738
1825,Elijah,Seth,2003-02-12,Male,Chennai,Software Engineer,862492
1826,Yahvi,Sawhney,1986-12-29,Female,Ahmedabad,Doctor,796594
1827,Dalaja,Narasimhan,1957-03-19,Female,Pune,Lawyer,1644344
1828,Victor,Bhardwaj,2001-02-21,Male,Bangalore,Civil Engineer,2253536
1829,Shravya,Sekhon,1993-10-13,Male,Mumbai,Accountant,1675029
1830,Kashish,Sastry,1966-05-27,Female,Delhi,Accountant,2666955
1831,Vanya,Dugar,1975-02-12,Female,Hyderabad,Accountant,2899957
1832,Yasti,Ratti,1988-08-20,Female,Ahmedabad,Student,2116944
1833,Lakshit,Anand,1998-01-08,Male,Chennai,Civil Engineer,2929392
1834,Omisha,Grover,1975-11-11,Male,Delhi,Sales Executive,1781665
1835,Utkarsh,Baria,2001-05-22,Male,Delhi,Teacher,929554
1836,Ijaya,Mani,2007-06-24,Male,Hyderabad,Software Engineer,363813
1837,Meera,Biswas,1962-01-23,Male,Kolkata,Teacher,2539846
1838,Aachal,Borah,1960-05-21,Female,Pune,Civil Engineer,748701
1839,Joshua,Mahal,1969-11-28,Male,Bangalore,Lawyer,1298168
1840,Jacob,Narayanan,1965-12-19,Male,Mumbai,Doctor,738103
1841,Onveer,Chakrabarti,1987-04-21,Male,Mumbai,Accountant,322831
1842,Ethan,Roy,1963-11-10,Male,Kolkata,Lawyer,343695
1843,Nidhi,Bhatnagar,1983-10-04,Female,Delhi,Student,1477158
1844,Fiyaz,Krishna,1975-01-25,Female,Hyderabad,Software Engineer,1394083
1845,Rushil,Bhasin,1968-03-19,Male,Pune,Doctor,2418330
1846,Chanakya,Prasad,1977-04-21,Male,Delhi,Teacher,1020145
1847,Nihal,Din,1957-08-20,Male,Kolkata,Sales Executive,1723547
1848,Ekbal,Seshadri,1969-10-02,Female,Ahmedabad,Business Owner,2787444
1849,Balvan,Issac,1975-08-26,Female,Chennai,Accountant,2926465
1850,Divya,Parsa,1983-11-12,Female,Mumbai,Teacher,1817821
1851,Zayan,Gola,1970-10-14,Female,Kolkata,Doctor,1576207
1852,Xiti,Acharya,1999-10-08,Female,Pune,Doctor,2203568
1853,Isaac,Roy,1995-09-27,Male,Kolkata,Civil Engineer,1936327
1854,Vanya,Puri,1987-08-01,Female,Pune,Business Owner,1117138
1855,Farhan,Bhatti,2007-11-12,Female,Pune,Software Engineer,1354473
1856,Ekiya,Kaur,1980-07-06,Female,Kolkata,Lawyer,2411765
1857,Eiravati,Ramachandran,1995-11-30,Female,Ahmedabad,Doctor,387997
1858,Gunbir,Koshy,1994-05-24,Male,Ahmedabad,Sales Executive,821137
1859,Harrison,Mital,1981-03-14,Male,Kolkata,Sales Executive,2018639
1860,Pushti,Luthra,1974-02-07,Male,Bangalore,Civil Engineer,1370826
1861,Irya,Loke,1984-01-29,Female,Kolkata,Student,2540325
1862,Vasatika,Barad,1961-10-28,Male,Delhi,Accountant,2944255
1863,Fitan,Dani,1968-09-19,Female,Kolkata,Teacher,1250864
1864,Lohit,Tara,1999-11-23,Female,Kolkata,Student,2372658
1865,Anya,Basu,1986-01-24,Male,Ahmedabad,Student,649460
1866,Chakrika,Mangal,2004-11-09,Female,Delhi,Accountant,485467
1867,Daniel,Nagy,1963-01-12,Female,Hyderabad,Doctor,1268208
1868,Gaurang,Varghese,1989-10-12,Female,Ahmedabad,Software Engineer,686086
1869,Krishna,Choudhry,1977-10-31,Female,Kolkata,Sales Executive,1021141
1870,Zilmil,Bhatt,2004-10-29,Male,Mumbai,Software Engineer,2180141
1871,Gautam,Chacko,2006-06-08,Male,Delhi,Teacher,2152822
1872,Tanish,Bera,1964-06-21,Male,Mumbai,Civil Engineer,2999833
1873,Ekanta,Batta,1993-11-17,Female,Bangalore,Teacher,1582331
1874,Ijaya,Patil,1968-04-05,Male,Delhi,Civil Engineer,1602942
1875,Falak,Minhas,1998-01-30,Female,Chennai,Accountant,2492028
1876,Brinda,Patil,1974-12-16,Female,Pune,Business Owner,1811724
1877,Abeer,Sandal,2001-01-11,Male,Delhi,Civil Engineer,2601066
1878,Timothy,Chaudhry,1968-09-27,Female,Chennai,Business Owner,849033
1879,Manan,Virk,1958-03-28,Male,Mumbai,Software Engineer,959228
1880,Xavier,Comar,1999-03-04,Male,Mumbai,Sales Executive,2182561
1881,Qabil,Prasad,1961-05-27,Male,Delhi,Doctor,1481209
1882,Om,Ramaswamy,1979-07-02,Male,Mumbai,Software Engineer,2491061
1883,Wyatt,Gara,1975-04-20,Female,Chennai,Software Engineer,664167
1884,Devika,Warrior,1960-05-09,Female,Delhi,Doctor,2208835
1885,Chandani,Thaker,1960-10-12,Female,Delhi,Student,2336153
1886,Chaitaly,Chakraborty,1961-08-01,Female,Mumbai,Lawyer,1000939
1887,Faqid,Borah,1957-02-03,Male,Hyderabad,Accountant,1192694
1888,Chandresh,Sem,1966-07-17,Male,Pune,Teacher,2424259
1889,Onveer,Edwin,1957-07-07,Male,Hyderabad,Business Owner,790735
1890,Pushti,Pal,1992-05-05,Male,Bangalore,Doctor,1384537
1891,Netra,Mohanty,1973-03-29,Female,Pune,Civil Engineer,1584759
1892,Baljiwan,Shah,2003-12-18,Male,Mumbai,Accountant,301388
1893,Arya,Chaudhry,1961-03-13,Female,Ahmedabad,Software Engineer,1960048
1894,Raagini,Mangal,1993-01-23,Female,Delhi,Accountant,864840
1895,Tarak,Behl,1987-06-25,Female,Chennai,Teacher,2333787
1896,Ijaya,Raval,1996-08-22,Female,Ahmedabad,Accountant,397076
1897,Zarna,Gaba,1964-10-15,Female,Hyderabad,Civil Engineer,2181088
1898,Bahadurjit,Guha,2006-03-09,Female,Hyderabad,Lawyer,2616342
1899,Pahal,Doshi,1959-11-28,Female,Delhi,Business Owner,2229211
1900,Imaran,Bal,1970-01-02,Male,Pune,Doctor,1066878
1901,Yachana,Ranganathan,2002-07-17,Male,Mumbai,Doctor,603910
1902,Darika,Nagi,1973-11-03,Female,Bangalore,Lawyer,1845603
1903,Bhavika,Parekh,1988-05-15,Male,Delhi,Teacher,488852
1904,Deepa,Lalla,1998-10-30,Male,Bangalore,Accountant,2840974
1905,Ojas,Vaidya,1965-07-29,Female,Bangalore,Business Owner,2138300
1906,Gavin,Goda,1982-01-16,Female,Delhi,Sales Executive,472489
1907,Lucky,Mital,1958-11-26,Female,Mumbai,Teacher,1448132
1908,Indali,Choudhary,1969-01-28,Female,Delhi,Doctor,2960164
1909,Tripti,Memon,2004-09-11,Female,Bangalore,Software Engineer,2677570
1910,Arunima,Kumar,2004-11-03,Female,Hyderabad,Lawyer,627685
1911,Anmol,Uppal,1955-12-01,Male,Delhi,Business Owner,2620809
1912,Leena,Sur,1962-08-18,Female,Ahmedabad,Doctor,1956646
1913,Alka,Luthra,1965-03-19,Male,Hyderabad,Software Engineer,2957548
1914,Jalsa,Sur,1979-06-29,Male,Bangalore,Student,772900
1915,Farhan,Jayaraman,1969-05-26,Female,Bangalore,Software Engineer,1998398
1916,Hitesh,Bhattacharyya,2001-12-04,Female,Pune,Teacher,2482718
1917,Priya,Nadkarni,1960-04-07,Male,Ahmedabad,Doctor,1136561
1918,David,Sahota,1979-05-05,Male,Bangalore,Teacher,2722675
1919,Anika,Krishnamurthy,1992-02-27,Female,Ahmedabad,Student,1885340
1920,Vincent,Mitter,1998-01-15,Male,Kolkata,Sales Executive,2102056
1921,Vamakshi,Hayer,2001-04-28,Male,Kolkata,Software Engineer,2109988
1922,Upasna,Nadig,1957-08-26,Male,Hyderabad,Business Owner,1077999
1923,Wridesh,Kamdar,1991-11-06,Female,Ahmedabad,Business Owner,776274
1924,Balhaar,Tank,1992-12-04,Female,Delhi,Accountant,1460052
1925,Azaan,Buch,1956-12-29,Female,Pune,Civil Engineer,1785228
1926,Advik,Patla,1960-03-31,Female,Delhi,Accountant,1595295
1927,Jai,Kaur,1957-07-10,Male,Pune,Sales Executive,2442625
1928,Yashodhara,Lad,1974-09-30,Female,Delhi,Doctor,1797158
1929,Ayush,Oommen,2007-04-30,Male,Delhi,Business Owner,1448772
1930,Bhavani,Seth,1981-02-13,Female,Mumbai,Teacher,1530059
1931,Tarak,Mishra,1966-06-23,Male,Chennai,Accountant,839829
1932,Oliver,Guha,2000-08-17,Female,Bangalore,Business Owner,2402980
1933,Gaurangi,Khatri,1961-01-02,Male,Kolkata,Accountant,2163769
1934,Darika,Ben,2005-09-20,Male,Pune,Civil Engineer,1519850
1935,Widisha,Shukla,1959-07-22,Female,Mumbai,Software Engineer,2286041
1936,Harrison,Agrawal,1975-10-24,Male,Bangalore,Business Owner,2924744
1937,Vrinda,Bhargava,1995-05-21,Female,Bangalore,Software Engineer,2149165
1938,Oscar,Aggarwal,2008-05-31,Male,Ahmedabad,Software Engineer,614089
1939,Reyansh,Dyal,1963-10-14,Female,Kolkata,Sales Executive,1760523
1940,Gayathri,Soman,1998-01-22,Male,Kolkata,Teacher,2680547
1941,Vamakshi,Maharaj,1963-01-17,Male,Chennai,Teacher,1571142
1942,Keya,Goda,1993-12-13,Female,Delhi,Sales Executive,1594523
1943,Anusha,Bera,2000-05-20,Female,Ahmedabad,Teacher,955219
1944,Forum,Tandon,1984-04-13,Female,Hyderabad,Sales Executive,1365086
1945,Agastya,Varkey,1962-11-20,Female,Kolkata,Accountant,1801551
1946,Umang,Samra,1964-02-27,Male,Bangalore,Lawyer,1829045
1947,Reyansh,Chaudhry,1971-10-06,Female,Chennai,Teacher,2482425
1948,Tarak,Brar,1979-07-10,Female,Kolkata,Lawyer,2146912
1949,Madhav,Naidu,1995-05-26,Male,Bangalore,Civil Engineer,1723509
1950,Jasmit,Sinha,1979-01-21,Female,Pune,Doctor,2177271
1951,Ekani,Bhatt,1989-11-20,Male,Pune,Business Owner,306836
1952,Jeevika,Sharma,1974-12-27,Female,Chennai,Lawyer,1999324
1953,Brijesh,Shroff,1978-12-19,Male,Mumbai,Lawyer,2944087
1954,Chakradev,Gara,2001-06-19,Male,Hyderabad,Teacher,2715198
1955,Yatan,Kapoor,1990-08-11,Male,Mumbai,Accountant,2266196
1956,Eshana,Sunder,1998-07-11,Female,Mumbai,Business Owner,2176703
1957,Kabir,Malhotra,1974-05-09,Male,Kolkata,Sales Executive,1414661
1958,Ishwar,Loyal,1957-01-08,Male,Delhi,Civil Engineer,1466025
1959,Karan,Sandal,1975-01-01,Female,Delhi,Doctor,365896
1960,Rudra,Buch,1969-05-22,Male,Pune,Student,786841
1961,Chandresh,Shroff,1993-01-24,Female,Pune,Software Engineer,707780
1962,Jyoti,Garde,2000-08-06,Female,Pune,Sales Executive,617495
1963,Chakradhar,Ben,1966-12-15,Male,Hyderabad,Sales Executive,1507102
1964,Chakradev,Mallick,1979-11-03,Male,Bangalore,Civil Engineer,347532
1965,Rachit,Dubey,1975-12-12,Male,Chennai,Accountant,2592055
1966,Jatin,Pillay,1993-08-28,Female,Hyderabad,Software Engineer,530314
1967,Adya,Ganguly,1967-02-08,Female,Delhi,Sales Executive,2476566
1968,Chaman,Dhar,1987-04-18,Male,Pune,Business Owner,2468946
1969,Janani,Mahal,1970-03-04,Female,Pune,Teacher,701922
1970,Bakhshi,Mitter,1994-10-13,Female,Bangalore,Lawyer,2752775
1971,Gauri,Rastogi,1956-06-15,Male,Chennai,Doctor,1167396
1972,Amrita,Yadav,1980-06-15,Female,Delhi,Teacher,1824716
1973,Yachana,Goda,1994-03-26,Female,Pune,Student,1355063
1974,Charan,Thakkar,2005-05-22,Male,Mumbai,Student,582851
1975,Yashvi,Dayal,1987-02-05,Female,Kolkata,Doctor,575695
1976,Yatan,Desai,1979-08-13,Male,Delhi,Accountant,2260912
1977,Kiaan,Kalita,1996-02-11,Male,Delhi,Accountant,2105090
1978,Brijesh,Halder,1970-07-17,Female,Pune,Lawyer,2257934
1979,Neha,Parekh,2005-11-17,Male,Hyderabad,Doctor,2592541
1980,Ekavir,Dugar,2005-11-21,Female,Pune,Teacher,706941
1981,Zansi,Modi,1991-06-20,Male,Hyderabad,Teacher,1812812
1982,Chakrika,Ranganathan,1965-12-17,Female,Delhi,Teacher,2472169
1983,Advika,Babu,1987-10-18,Male,Hyderabad,Sales Executive,1249234
1984,Oeshi,Sheth,1959-05-11,Female,Bangalore,Teacher,725526
1985,Adweta,Roy,1985-08-25,Female,Pune,Teacher,1568802
1986,Hemal,Narula,1968-07-03,Male,Hyderabad,Lawyer,2892336
1987,Anay,Soni,1974-04-05,Female,Mumbai,Accountant,1817694
1988,Anmol,Magar,1960-09-03,Female,Pune,Lawyer,346772
1989,Wriddhish,Prakash,1965-12-22,Female,Chennai,Software Engineer,1230187
1990,Rachita,Deshmukh,1999-02-01,Male,Pune,Civil Engineer,745910
1991,Lajita,Basu,1978-02-05,Female,Pune,Teacher,1329853
1992,Dalaja,Patel,1991-12-26,Female,Kolkata,Sales Executive,1633161
1993,Faqid,Dyal,1997-12-18,Female,Ahmedabad,Student,2328056
1994,Chaaya,Munshi,1988-06-18,Female,Delhi,Business Owner,2040461
1995,Yochana,Sankar,1972-12-28,Male,Kolkata,Accountant,2632132
1996,Faqid,Dar,1974-07-29,Male,Hyderabad,Business Owner,675958
1997,Jason,Barad,1997-07-07,Female,Chennai,Software Engineer,316877
1998,Brinda,Merchant,1980-02-18,Male,Kolkata,Civil Engineer,1750303
1999,Indali,Dada,2000-07-31,Male,Hyderabad,Software Engineer,571190
2000,Aarini,Singh,1987-05-17,Male,Pune,Teacher,500666
